x1,x2,x3,x4,x5,y
3.3520580755815916,2.0834931830816337,0.5752962573739374,0.5326792031519274,1,14.45738265995724
3.79643499072633,1.8542742683258038,0.5956448591329561,1.1581375503825257,1,7.337961258822901
1.752607840154024,2.9386537022534136,0.4586338400707778,1.1227243878982496,0,1.6376789629152955
1.1752342549874593,2.2367720911398346,1.0357377279140012,2.1088946454520854,1,9.099828497135894
1.8200758095771552,3.1022805558741804,0.6922441857988513,-2.3292944314331603,1,1.3214406669932794
1.424251497905063,3.663695956542912,0.592709861158966,-0.9162005374668342,1,2.2234452868312564
3.908960574737819,4.276185376469695,1.4415076599973498,0.6245551673131796,1,10.179616686286636
3.7176020941005663,2.683053352406483,1.444445300332832,-1.0642143506710755,0,4.476658034397903
2.895382813632874,2.4741909635050927,0.46258804511301077,0.19575994315860537,0,1.0150354997108388
2.7931832979212183,3.3726184453011774,0.8088019084596416,-0.6747639392435081,1,2.6853217390624846
1.0764277914898641,2.135891313052507,0.1667295017839654,1.9678089705533133,0,4.636673275787981
4.010393348834317,3.1046014992614657,1.3082512401574287,0.30239438958560566,1,11.45367259653814
3.4097941560325062,2.8977041288644405,0.8793604849286393,-0.026914346535767842,0,11.334990939808796
4.8471103012327585,3.674089755065295,1.1920272013817288,0.8314709200611158,0,12.50382562178337
3.6574745894259024,3.940632752935218,1.0222840925136547,0.6862751764077604,1,11.37185855991928
3.4265184772747053,2.291500629196481,0.9989793782545204,0.6990052447165375,1,10.494712614013034
2.796605259726866,2.5025367958071594,1.2383093838596644,-1.033936342097601,1,6.0782419791966005
1.901416652770782,2.759207721443752,0.3088728444887531,-0.7898045832036871,1,2.0145050539245903
3.6806971875707823,4.981559254129367,0.22396149032202325,-0.41104731415257684,1,0.6267261333577611
3.9430663698076533,2.327260660763459,1.001231753064949,1.3928816866923253,1,42.48206651521093
2.0319825523127744,3.869938998711278,0.96544253617373,1.054743602221976,1,2.958601303134024
1.3821686154414619,3.5064378140426307,0.9799278748251643,-0.5268818180420158,1,4.202905342690166
4.843638968946711,4.45296191065198,0.2588972392725033,-0.24403269323222287,1,1.0570864273590999
2.0070691470720443,4.589817689387566,0.5914669203733,-0.4960201977174645,1,3.1648599034501457
2.128660477774573,3.274876631393436,0.8965714956024982,1.241884261174917,0,8.639156050851927
4.07301573865114,2.9145340640303323,0.42165016074443096,0.32666497500680775,1,3.0124242643172328
4.191693588459934,4.746099123365477,1.3709667695294523,0.457314857485282,1,11.755588385476353
3.1761487936016644,1.9250203783380326,1.3147562503701533,0.7288884731492742,0,6.892017980297079
2.5308305225865677,4.050334827848314,0.5063724326522138,-0.5067877161828854,1,1.4248029194327505
2.526603800807989,2.8419766105161774,0.7320491385742177,0.3809244203575105,1,6.945012822148017
2.1433095539087317,3.91515840773901,1.4219716509443214,-0.22208962103095137,1,5.37862680633652
3.961072612562629,2.7779739716632714,0.43266316353554835,-2.095567427482081,1,2.827771011066827
1.9559473297429162,2.2384307702701456,1.0230215495079444,-0.5354556714468346,0,1.5718198587898686
2.750886818599455,5.125739966925307,1.0218534753828405,-0.7008483126032818,0,0.574787153529072
4.534154811106343,2.2869202583026826,1.1422632149047318,-0.23443581958867377,0,11.77366241237241
2.1571245613308707,4.874320680672412,0.9604412578566789,0.34930362557549216,0,3.035216718949219
4.138027428349684,2.867105898108183,0.14563747871754804,2.035177610085627,1,14.366684261922174
4.035814627094362,3.8416040723495435,0.4952845718385833,-0.13533584606251178,1,5.251708207888864
2.671141539737734,4.040640895064843,1.4842882179746084,1.8919298443643098,1,29.16286049717754
1.903075070384332,2.8685070795746097,0.45590528751055126,-0.8721119695049234,0,0.8794638901555194
2.680392555722394,3.446341383247983,0.4880641474093821,0.41035665178889646,1,3.255380125124914
1.2574547635250855,2.255866560908412,0.7610626127418566,0.9334890831751412,0,2.634103464059269
3.3857307476839864,3.929991654064632,0.28973678458303087,-0.948236395210524,0,0.5569928302776227
4.349294889243321,3.2332106623765204,0.9226039065650778,-1.239734783336648,1,5.9596594862973955
4.56994554531622,2.145665045621816,0.5275635364653971,1.7979247434243975,1,41.45937022095412
1.8021097755329074,2.8022956580283624,0.6945854377239666,-2.9790461185874957,1,1.7777234152160613
3.009580937461159,4.140516527609208,0.31000849187989865,-1.3516497948409207,0,0.6430953714062325
4.581527377845101,0.5514333174183643,0.2591199016172875,-1.1154436687031173,1,5.928983685190139
2.0236837255530826,3.9287637222933807,0.2087709966009281,-1.3854429841480418,1,0.48523548844658926
4.468929371865161,1.723327724893373,0.32187316631352747,0.520347043855366,1,12.708500767993154
1.0659517392665236,3.400981848789104,0.9035690918166166,0.5725834970907843,0,1.4534923929441366
3.2099878174842376,2.687728604197947,0.23010249042688913,-0.06134893366008035,1,2.1692100116029964
3.1116215459437604,3.727669139262287,0.6564408078898614,0.6455724454183742,1,5.227952872246164
4.693401547480073,2.85886818634659,0.1379547992505307,-1.322743174873492,0,1.5636384136826116
1.9837937741048428,3.4470954901203408,1.283478732500854,-1.0721242014626473,0,2.307394616617869
1.2560735046351406,3.124040515483712,0.8249186934124626,-1.5771860511035474,0,0.7025789855973407
4.608418818344791,1.6235070035006627,1.1420584542177725,-0.15086572201731918,0,6.657742793436725
4.496159201497317,2.365757089223276,0.9770347228400857,-0.2388753642465489,1,8.070458607470881
1.6546691622114689,3.5159939345625517,0.7549712163174739,-0.07300563442016438,0,0.8390266769141007
4.998965226745584,1.9056170912740131,0.7165838189232112,-0.3294487470002104,1,14.719655256234976
2.3872158813868944,1.4191476201881328,0.649469294975772,-0.656467437250721,1,4.229195479594158
2.2515126373766337,4.396191221379711,1.0447103777885358,1.1949910540792699,0,2.582817002635053
4.388416083961772,3.716117606775604,0.5586358135753497,1.3515541608241395,1,8.066023563175415
4.520924410529984,3.20771996906837,0.5626085471549952,-0.325538113215881,1,4.525135466026725
3.706234606186584,3.9326910136173336,1.3074868350771416,1.289461197117877,0,5.613350539554022
1.2147006170866148,3.1632691720522357,0.639308444609372,-0.15429379988960004,1,3.562086662482967
3.2368550940784595,2.4916840536072584,0.8785449832602702,0.9658689042775759,1,23.51353580803851
3.778051767311019,1.7133471552950696,0.6523311100912116,-0.7341526823296337,0,3.3152097657702253
4.296789210661849,2.5377763809602,1.0527164236869062,1.327458726846591,1,19.270937077061657
2.245714635447882,2.6281445826182273,0.598825259239571,0.9835547643451457,0,5.032553092170972
3.0209221633965853,2.6559790063712634,0.8962385926153612,1.9022703516685435,0,17.077329190703622
4.396015151532314,3.9621360853975016,0.5533740426674136,-1.2262965054989283,1,1.3721590658928835
2.1740625307903185,3.1472957430137125,0.14465525314245203,-0.30517173077396,0,0.8703284069347752
3.708478202619246,3.137428745358991,1.3204707763768266,0.4486987845188592,0,6.550987713669435
2.6836256087888137,3.4856971137167987,0.8618014961611686,0.312321349880826,0,2.9162410825055125
3.726850854517367,3.6414923214213584,1.2606023085200049,0.4453446820783938,1,9.649668310372569
1.8849119579459521,3.8462782040710146,0.9514746631656641,0.423712500358908,1,13.8481398103906
3.195990793731468,3.163483991818419,0.8997128228135436,0.029202956400511303,1,8.618818062319502
4.395386877900341,3.3078966744394744,0.1602355101917231,-1.1207985953235837,1,1.7356456083258556
3.946267605237099,4.269648515945613,0.6325686741856004,0.48006568300948893,1,13.00314230304925
2.998490345123833,2.922300156188655,1.2208042464570312,-0.22092688372982958,1,4.069498807379226
2.518659972253054,3.6461159976272506,0.4522957369862761,0.5210780459979998,1,2.57332929031655
4.150083242400692,2.4908118908708086,1.4433922378716992,-0.14166623620829225,1,20.498853853289738
1.6754772302599417,4.237828548725058,1.2132705895678237,0.698826620159334,0,2.527668124489282
3.3454344559593836,2.392062714413043,0.4082933084880973,-0.08031805917852118,0,1.7607736159870107
2.724842682863469,4.784431177973297,1.4322050614553916,1.5454117371280924,1,18.690169639996228
1.247640740783278,2.3773756541956033,0.34007710485954323,-0.715771068094968,0,1.0428724955084177
2.1578190987764194,1.9883834830081666,0.6729756076379915,-0.04090947435617032,1,3.6673575070980697
3.93658159338454,4.357530135108112,0.5355370137532063,0.527999415409769,1,0.6153367164159533
2.1546218197778986,3.327080749377936,1.0140596766000043,1.390016400095889,1,5.335035597848763
2.561592456522003,4.260478561201363,1.2579976038463059,-0.2119078101257919,0,3.287469107659007
3.542469294849308,3.10288143500515,0.4236336239786259,0.8583227769530392,1,6.387129921125076
4.324595426956833,1.5029243613961814,0.7966484841973622,-0.196067076310358,0,4.2199851916700295
2.2776840022931344,4.200521584158609,1.0386418364246843,-0.06279429892779863,0,2.6201128390527044
1.6368991504985786,4.424905204748987,0.9812624893640102,2.0969634012389218,1,5.125109944631103
3.8466568637868237,3.5603701067592217,0.44237714999624755,-0.5888566083674147,1,2.4481006580801283
4.490834572363495,3.3871862196292377,0.1355288189855684,-0.23222703070897482,0,3.748162318456225
3.3726254617002063,2.277912934206169,0.9090548251449024,0.8937912396953729,0,2.6347561372536967
3.7788515155448557,1.910294956158687,0.19183623329355798,0.41314431929356005,1,16.93329187712969
1.692933281173211,2.108126137402947,0.5614348710578534,-0.5824715325207299,1,1.3981279736593881
3.126930369218735,1.7079913051721163,0.7204951987050674,0.1852709271620056,1,6.821019487712945
4.483834482626916,3.832651055264333,1.2664097125543756,0.026203690732403213,1,24.40534906566465
4.364361072214653,3.232965618546493,0.4520750074036939,-1.2258252442523205,0,1.8998721094825384
4.888222160087798,3.5001093255036215,1.11756503082506,1.644019952588109,0,1.5612316762558107
4.129028838853439,2.665921266474173,1.2006211820684134,-0.1441252373466551,1,17.005488582681313
1.7881220254894812,3.037472751322799,1.1017446294142523,-0.7099276756467483,0,1.7190864586319414
3.4425042624358007,2.4943262864717157,0.6219794253421489,-1.4226222957779056,0,1.564048882289886
2.915422023646884,4.884668875740806,1.3383677467656017,0.5881652770085679,0,3.986996761112849
3.4665479843292912,2.7187009986298896,1.1605386824469852,-0.45094298170901354,1,3.9550965778559504
1.5597329731666187,2.1905685435372204,1.2296288383799103,0.03648853442425441,0,3.9491926676090277
2.6449432648780786,3.9113751343528955,1.0580112784597344,-0.5119682034164461,1,4.066096418178837
4.110521357750833,2.5163845496941044,0.47057469583080214,0.8452647774017303,1,15.28214329820879
4.75890207843581,1.985945543664888,1.0942294975585216,0.6626823784041518,0,3.922566944473964
1.4183176327337428,3.728918213840251,0.12923245412065848,1.7501337688071508,1,2.605018940797651
4.753928789238517,2.169380541834844,0.4257459650448586,2.1857884102684637,1,34.10251362927242
4.189548686837149,3.672755817384044,0.7242558873594364,-0.6463133952963038,0,0.9363639955732151
2.3232108746919855,3.430159370296059,0.7411200880814565,0.02872482377198703,0,5.037016939533882
2.2471430020354144,3.4579388648482094,0.6762598161375707,0.3520647421966621,1,5.305865741988154
2.160615279976239,4.72148100695667,0.44027741328132564,0.9108844519407544,1,2.116977747536847
1.6955583627857305,3.3127758158956375,1.2542073466353558,1.268835697152001,0,1.5660367022948771
4.524598224122719,3.9475796972099966,0.18641825807351753,-0.5445979171676181,1,1.383409727436887
4.280225948812552,3.0139700438982873,0.4864054831539303,-1.5081202144829273,1,0.9272664047214555
3.9466355104108355,4.295083365535779,0.5421532292419009,-0.15112517102195377,1,2.5932946249105018
4.387872922009318,3.1834917022954197,0.9595787332219615,-0.6541473783208352,1,10.947871669222137
3.436462495065342,1.9309994371629657,1.241977824877606,0.31969778550159916,0,10.739389675876033
2.376932022511632,1.4722793717035052,0.620086001670751,-0.22956151410918407,0,1.8494093978579533
1.9186759657721977,2.917804625862247,0.3737667115250539,-0.5422749492236748,1,2.419438914073184
4.778503153811348,3.0807815005745876,0.6446757431514152,-0.5795113184952829,0,2.387973044159971
2.1669028437698508,4.408445776891536,0.5960890594546578,-0.049485575986983624,1,0.45778443905686017
2.640178343922851,2.5243136399261346,0.5310481972445391,1.9332961859093218,0,7.422695979394916
2.35065710141728,3.2129556842076448,0.45886523404993773,0.4949811163271542,1,1.7678322990959574
4.797314382473068,2.3234788312228822,0.15743633578980962,0.7155609062683868,1,4.642921053126997
1.9237157302996888,5.125196411194381,1.2185211054870904,0.8289011813861331,0,6.054300596248115
1.6778881562921057,2.6559720844587393,1.399932050854645,0.4640973769704307,1,27.84725154382627
2.96359052966145,2.886972398965729,0.4017140067665099,-0.6558776511153411,0,1.455712597134292
4.619013791005296,1.8228798392996224,0.3838633467266873,-0.45103966059156336,1,3.96816328774262
4.535998749200431,4.352330524822153,0.4570361955506944,-1.9939728679695692,0,1.5632702035190245
1.779646371100719,1.8452793095013562,0.6142399920449046,0.5001283312064237,0,3.117023489005697
3.0808718663384504,3.010295033897593,1.4152097263353878,-0.6544444726072607,0,1.7358746857715968
1.6995972956003706,3.1770489602086047,0.8157848246202879,0.07583703176814233,1,2.19724673063214
4.598183515329222,2.8025371901283656,0.729102689189199,-2.1818608157700696,0,1.120219110332433
2.5127973368265715,3.087822453200562,0.19976955339400904,-1.1300083956191915,1,3.672846016156971
3.8115251323599906,4.058706910769136,0.9135381254628591,0.5032636974005732,0,1.465838570189457
3.0469818083721267,4.399457950324194,0.6328954827268992,-0.47523468121247925,0,1.779575969618714
3.539404245243242,4.060887870057185,0.763212228983434,-0.8895690296420972,1,4.155683531431354
4.735979763762965,3.7116375863156885,0.6837516538717818,-0.6047825167883819,0,1.2440566464295508
1.8419608897734112,4.423829258579475,1.4758127855335612,-0.5589247863426806,1,4.025342081732474
2.344816030517873,3.0916470077053333,0.37666158490277746,-0.08013053272860517,1,2.30209450678132
3.6378687284920375,2.584158543221614,1.4181499724922635,0.6071302074217912,0,2.490944541593113
2.658413451395969,4.199022286861977,0.3753290738280691,0.1304675848799106,1,1.9343588888028593
2.021253760348532,1.8376176407612779,1.4543102399047636,0.5979150149113117,0,6.066867639315349
4.5024089972087395,1.444894464575673,0.421658582891167,-0.5524129480527372,0,0.4793613646558657
2.60716523681858,3.588040003804473,0.12382597973260719,0.27020877128343157,1,1.6726236181294842
3.2454717155670956,4.804083558725822,0.6097539119678667,-0.501396436637023,1,3.0164056837270845
1.686732389742343,2.3154629447573707,1.310135562312985,-0.2499396324954512,0,5.351032852602065
1.0351117406957973,3.042124133005178,0.6373075028689444,0.6982362629095349,1,1.3872532982107462
2.635154863352534,1.7420335793153021,1.3970517788693047,-0.39567070096263257,1,11.9231705252758
1.4138755406715449,3.0276833197991686,0.4081110257788324,0.06214210185750975,0,0.8013410719400462
3.1001873040496215,2.128598389368282,0.4337059221792364,-1.6699875673192817,0,1.9160634650147537
2.839443880845833,3.7362935156737347,1.4109081377199149,0.9553725265292877,1,4.227053504711782
2.6460968247329704,2.633949966492529,1.052845440291851,0.10363458875474653,1,13.518593123732115
4.031904639624024,2.429531482620969,0.6857736708699838,1.2538685183010752,1,28.59413524260115
1.0711337102517287,4.95285084954026,0.2084730507055867,1.4630089872987668,1,4.190344657262373
3.451470310633946,2.4863275512675442,1.0675279767566441,-1.170287302076919,1,7.6584435274758595
3.604569705445393,1.933657263919407,0.4371114806824652,0.35598970098458654,1,2.7868332850276785
3.88826720466784,2.789772994545535,1.3798224014666631,-0.24028356406572246,1,8.292382125844968
3.294341752852348,3.87038201852973,0.302542767227326,0.9946906827164232,0,3.6252857698443153
4.987428427458778,5.246182206170667,0.24751394519550754,0.7548896605876293,1,4.877952760995871
3.440206204324203,3.3445460430885596,1.3730827228435165,1.0203214654253605,0,5.694773190131906
3.009449421849702,1.7695692039156956,0.44138190950657363,-1.2911142817082824,1,3.696825590967262
2.4152973410828857,2.575595882962084,0.3745494853811462,0.785763614295942,1,9.506525658926662
1.573576930091304,2.7111064349304286,0.435658853060632,-1.222662842930699,1,2.0784860782131838
4.053469689133322,4.861402945481441,0.9549965937275416,0.07198781786807355,0,3.001088117314914
4.466299007683405,3.5416183480784067,0.799385076905374,0.1264131263928653,0,3.1283395913075744
2.8672603854777896,3.488190004328843,0.29886593719354526,1.557551722136089,0,1.549061328417281
4.768347139286494,1.778548638683298,1.393534681284686,0.7676839641300909,1,62.53472684468747
3.7767898580177435,4.389426891481238,1.2178669447387305,0.3620976006946174,0,1.3354224524317293
3.884745429820792,2.7227173284302832,1.3098566899344222,-0.6154031776676274,0,6.944655854977197
3.413934323176785,3.7535688912137397,1.0351874641474403,-0.5887933824585283,1,4.0238887431088335
4.504392481288807,3.2442749085433222,0.8356715113644764,0.29876213432040993,1,11.635956633743104
4.525835198218569,2.1010256830688867,0.6703948737063206,-0.4787739288702933,0,8.56407850037409
4.655299667440444,2.029626499313404,1.4258550255009974,-1.8556622175749322,1,4.257577534355601
1.1647076196441049,2.9181845121419467,1.0868209927193255,1.1088771273183071,0,3.549577336999426
4.203118915500108,3.5644436816185388,0.6686790195758675,-0.312612226436429,0,2.2621761091480077
4.964767468550163,4.391511009187655,1.421149818218188,-1.209077244203696,1,19.824958658430962
1.5056110497031656,3.155730193468432,0.7865194094131781,0.9035127582526693,1,7.141428504517931
1.5721036546078113,2.567001947469268,0.570187412874422,0.26631969560422025,0,0.5080347700706397
1.2673255385421656,2.325715950916897,0.2820701592373502,0.9370708457008061,0,0.5083593885140832
2.3621098850234628,3.2551222443399888,0.8837149346085742,-1.9969944093809004,0,0.4454275821508803
4.1852655500012865,2.9957089199717295,1.1716882903852603,-0.5625885882367395,0,3.1829761460653363
3.265941985689578,3.106835343807927,0.5197074994200601,0.5039060534244559,1,3.5363806305178396
3.964705163458574,3.5913980370259413,0.9658964627389895,1.7429568906210058,0,11.620344982417754
2.0289371052409617,3.865850009542465,1.0797528145284796,1.243130973076733,1,13.283730992843388
3.4383017139120344,3.502987585418326,1.4867472345373391,-0.5618966735724041,1,6.543591441420977
4.757757136495195,4.122100505847586,0.5271337833975768,-1.4042422640279577,0,0.5685399357003297
3.958668632053626,4.247563506178937,1.2083317021402051,1.5726302799485319,0,21.8319090360615
2.4585272010235424,2.1551292863214524,0.12938339328344745,-0.7214142510026784,0,2.1789239850895235
2.3948691027574514,2.4101392537341697,0.3412765640524589,-0.4314447887109347,0,1.5230955036033726
1.5341235817519454,2.5660510907332834,0.3376504231335925,-0.036839058413377104,0,1.3491618792884723
4.373823305809627,2.1959767068438003,0.33724763900247895,0.20876462032566284,1,12.658429453304969
2.710481255905851,3.5579052971815353,0.2993290778512333,-0.6217244463626254,0,1.3943303425964915
4.125833442391045,3.776986153509021,1.1846788290757055,-1.5716629653826262,0,2.512876989311079
1.7588981479416894,2.60299308305249,1.0171925826828845,-0.21970285826293867,1,6.101715778378158
1.0150719280354337,3.6200802344981184,0.521546725647368,1.51069464015497,1,2.5991186885880833
4.521042711144318,4.423944569515564,0.37729904451111773,-1.2579654863378378,1,2.806852489761697
4.521856271650812,2.2635184876991237,1.41157111753458,1.280648176738862,1,54.12063788161514
3.328509462425098,2.2949246542507225,0.44982116466027466,0.22337284146083716,1,9.207924302993153
1.40051633661347,2.679634353986735,0.6909973366148592,-0.4574905617205758,1,1.2772395950774134
3.0489928355326956,2.3932854539220725,0.7851956153687714,1.3475955853040074,1,9.260090299706631
2.9544354837263316,2.3248661575286387,0.8985479148597332,0.9880829504659787,1,9.847119859875615
2.9623094468469353,2.38530026096573,0.7379925738462327,0.992071016670372,1,4.852193501748788
4.019833906732532,4.545179709759392,0.5755196344459872,2.925180746389956,1,26.548441141084023
4.692013757074983,3.5367752614914845,1.2943031311140984,-1.5596544394018113,1,10.637235681862217
2.3321763108732063,4.058670689021568,1.2845964819708175,-0.4167702553116011,1,4.5950490658428285
3.4656646341634625,3.60281633030969,1.4385255549142533,1.6167913380595402,1,13.065423661478865
4.985626713549953,2.1813645677910385,0.11201645406789465,-0.8433954154909767,1,2.547563590644192
4.137972982585422,1.7911517409891895,0.22781652398703195,0.5039321963467371,1,8.143590260223245
4.467133887049439,1.370160652033067,1.403053186725233,1.2866005064935269,0,23.27132090823424
4.786022313160232,0.8752985930538797,1.2444744179677933,-0.7126334726762868,0,8.135015245031866
2.7439276644694774,1.3264909312883655,0.6150513661959791,0.4680522647585526,1,13.57852560520667
1.3835853077916997,3.266902482995909,0.17209594338549328,0.660039165452631,1,6.497152519129085
4.001316294628257,3.173036546329559,0.2828640814583854,-0.991915995711548,1,5.823214228423291
4.215260707846703,2.859903886960407,0.6105598395334734,-0.6676190100820937,1,3.672833016269455
2.350715475762145,2.9661265403902344,0.953077924979017,-1.09480799882797,1,4.8732361735095395
1.6399165067957493,2.7389018622875656,1.2173660800160295,0.8376826548521289,1,3.3751218562325955
4.459531498766319,1.91263697042367,1.4553254306148564,-0.9528473981744564,1,21.593891116314342
2.1685435650989726,3.9616614063384525,0.5933098238907271,-1.2602515873230316,1,1.237877519541837
1.6089904391108867,3.022513851132828,1.4457821978572958,-0.8913069209666878,0,1.6976303524728567
1.4444834864004683,3.258442282415044,1.3839532676174255,-0.3534612654748576,1,2.501186689286468
1.8159291922761644,1.6353340910814194,1.0578778519851386,0.44422284152904895,0,1.4637328367805202
3.84537727328069,1.6936823893214181,0.539766047012181,0.09135500801866557,1,7.104754830828426
4.735309763643787,3.833516155729823,0.4017166387771475,0.6743716797694789,0,2.9684752050251784
1.1610163692580797,3.5835590805976976,0.8136653596023039,1.067544296643148,1,7.236561878500776
2.3148764171056126,3.98446102915685,1.374659663002909,0.13685061773745516,0,3.022407635631748
4.490384635989466,2.84501894012468,0.38203919565649835,0.1658975014266184,0,4.584216042848297
2.7378908604454364,1.5433729829019243,1.4749811190278885,-0.40284312358479524,1,17.287470140586013
3.850889990218991,2.9798682739346565,0.9420368194277521,-0.7847689137896665,1,7.230156735693091
2.9592825601493034,4.159252855823665,0.7488977358637642,0.07023392220544368,0,3.19973282086608
2.2319424963064094,3.510235018220813,0.46787819849591794,1.755511267242008,1,10.027146360366622
3.8379903021495667,3.0178380712350457,0.1829975226778548,0.4101656246709592,0,1.833190785938991
3.4109913812951307,1.1754017796034668,0.43414431153129096,-0.7164333317496844,1,9.83031302741628
2.8069091974985545,3.2661772327416365,0.6001886224690294,0.1830567037777477,1,2.6457368377123265
2.613139175864953,3.547926201620124,0.5044290872348343,-0.7986362780282358,0,1.339301786017068
2.8268193183598807,2.5453261465742685,0.8346942443945062,0.42547015927559906,1,7.803507979704234
3.442070718071254,2.761257374934079,0.9663020440484655,-0.6495511481691129,0,1.7636577089814078
3.224805070962065,2.036762547150344,0.5945100742555061,-1.6521073770816574,1,1.1544182206449227
4.768892567036136,2.6681356342970917,0.1675778161217917,0.7514221759030109,1,8.285059570142707
3.992563410931715,2.7034841807834322,0.8507236070225249,-1.7761227923732992,1,3.091773460690453
4.457930775325032,2.4935999497342727,0.14937551310159589,1.2934530849884756,0,1.690386672511816
1.760310793047994,2.3564816783055575,1.4099504399447484,0.7968721458902527,1,4.122817555955042
1.1115909611296848,1.7581518634158158,0.9056139200308858,-0.2431589673217053,1,7.165808867900887
1.3960371582118292,3.2143985656805194,1.1403648587313493,-0.5997445776476642,0,1.9245292156280285
4.370832183496612,2.13287899365011,0.6599974058613506,0.5905013432029168,0,6.923122641087366
2.4137187003931935,4.8695192455173615,1.1912408666642162,-0.2339290631808068,1,2.8248621692442217
2.911752862198146,1.6680178720202492,0.5654724183993637,0.14516407720964936,0,4.112344108412279
3.0288629005893486,2.075992725588355,0.26370384472105546,-0.5784274610864313,1,7.729665404960072
1.7001399570630822,2.9569042598323505,0.5022165434163812,0.2838474075734507,1,2.862611549197195
3.677192184515679,2.6042045439826733,0.553648172990156,0.8597179301271762,0,6.995619867849283
2.262253403257074,2.879726569102906,0.26281309566492117,0.03362346154170794,1,2.6760034850760492
3.661149814473519,0.2403635886529707,0.30769080575806995,-0.19594597660312887,0,3.33719377073057
1.9872816894188885,1.1043262636239395,0.18887801788636377,1.1632663260636424,0,2.3727258592812763
4.653852091722619,3.610540664909806,0.47757078864795743,-0.03200873000911015,0,1.800691977313612
2.0289526908823743,2.9025004238781764,0.5704733836377209,-0.549631394315397,1,1.980425281781639
2.5000702693747243,2.380656632486713,0.3988965981943364,1.0662940464265669,0,1.6287264601820404
2.606944953676893,2.814261171229184,0.8030604295191506,-0.3215324503123646,0,1.926302593276184
1.8819923099494287,3.424121862349094,1.4316817020431742,-1.6219576993999216,0,1.704140648815046
3.70916368434427,3.3025589519266183,0.4124099587773752,-0.15651079865401826,0,2.1506053444700943
2.7533023283066647,2.9549533672685966,1.116721002458432,-0.11057794210654386,0,4.29368272493957
4.734534478081571,1.9785529280874956,0.9978607238788638,-1.8983138295414772,1,2.509374662487254
2.5520164017646163,5.251746311579704,0.40038651741545717,-1.1363065829520493,1,0.3720187547849118
2.1617036847770796,1.6607759482388613,0.34701674034070645,-0.17682806299423717,0,0.49002958310465766
2.120473041301381,2.0987425305338423,0.47153474732960354,-1.1544614367763382,1,2.0142397046119034
3.6408579953202294,1.2122526868179577,0.16108932990663064,1.331221465287396,0,5.795830852603331
1.4477547754215085,2.3741661608335614,0.37386777122306036,-1.2073211127470576,1,1.846322918759459
1.6545913231128653,1.0700843719913113,1.4009032288358605,-1.9599252835613306,1,4.364578190245252
2.2061870337806435,2.0063032749409304,0.8697921495856407,-1.3271279041534243,1,2.202328373816731
2.165999094070636,3.3497551387568465,0.11136830036090961,-1.2940858233081312,1,3.1978355194767394
1.0942334084617058,2.673671033072912,1.471974977022805,0.36075538339654495,1,6.781322042650501
1.4762402301319693,2.5054209063692316,1.1319592824666143,0.304754150222113,1,12.656293859398343
3.8256258489815895,2.0730235371609247,0.48304568217877963,0.12613654504539448,0,6.442772752317209
1.9551350571521668,3.3454480317552813,0.29526065287034564,1.23081057490068,1,2.6489803971468895
2.5146922916801957,2.9026375420108206,1.285331847167221,-0.16537874065309405,1,12.345690003709189
1.7190375730774012,2.713613244602071,0.8160912880673717,-0.8370844436199654,1,5.358046579778189
2.056322657668976,2.426860991949949,1.1399758555750794,1.2947322680980045,1,12.607678491732367
3.4559180329207715,3.569415977122942,0.6641580620259684,0.08537729187368726,1,6.443187095781129
1.5426478132617842,1.4074515467921103,0.9276794682288605,0.010792151217115182,0,1.647379220249246
4.089844083374633,4.043847216556963,0.7637439529104315,0.8362520480929784,0,2.0640579608550964
1.4402528319632908,2.625791339944409,0.20952623649601565,2.02267933943758,1,6.300937468517665
3.651743846248868,1.716460976041281,0.16597113397478772,-0.8973848437075693,0,1.9828306572776826
3.800805377398711,4.1168733954981045,1.0036995311467856,-1.0467500315538962,0,2.448557949758748
3.05480993963463,3.1340947935794468,0.8629443540835663,-0.4725642012755612,1,6.305000775756582
2.124143590976544,3.0718796447931376,0.9482911009751769,0.6065644722317725,0,1.1667128322696914
2.6608229640314343,2.915417904980565,0.972195035706759,-2.065627597197136,0,1.8539452904218532
1.3260597387927318,1.7510676506788285,0.6016038878040136,-1.194680324269839,0,0.5658421256257521
3.47067556979351,3.759009321057918,1.1475366950422448,-0.057333407010491076,0,0.4195614439820201
4.456186976413351,2.234015072232867,1.2522419175537733,0.5194742190114153,0,19.730232171784703
1.1545526563445518,0.5702199110036994,0.4550174877324832,-0.07872603524287768,1,4.777297971333488
4.013585017183154,2.0894781809705156,0.6979047967405897,0.4490413765380049,1,12.781034160048554
4.874063639807897,2.301987140334611,0.721307209250442,0.23735993685626425,0,26.09963390821436
4.168703322345092,3.828071923086539,1.163664054295819,-0.028800774034187054,1,4.044727071824068
1.5172513876320766,2.0434160646462667,0.871858396060533,1.5896272857972649,1,2.1624771425229
1.7034146824098744,1.915563644960675,0.8758561107477978,0.571440256052433,1,2.527503299323675
1.8316505946489383,3.447741476981377,0.667059334125435,-0.32856242640313915,0,1.5338224096290975
3.0045175545266267,4.553355738928897,1.2800925424870346,0.12872355856093295,0,1.037451285701272
4.429582914851974,3.508405748352038,0.22810117572172345,-1.5275298050427153,1,1.2981259363712898
2.807450491332378,3.3034712961048536,0.20017760186578945,0.5181549026225961,1,0.7785204921480763
1.2717311212550917,3.070448445445822,1.398662375562448,-0.29404810960305283,1,6.736663002301697
4.188425291229615,2.3861719967183417,1.318606953688547,-0.6905175241790723,1,8.529745354505161
2.9876549113221356,2.7856615601943853,1.4642079334743119,0.7309032976015755,1,23.297634201661662
1.2808117516345576,4.663487428295946,0.5418182972163077,-0.692994127230848,0,0.10544194750673823
3.4657999793392067,3.600354468678388,1.2816008219044208,-0.8998672236596066,0,1.023293384008445
3.2785826695319766,3.0006683668367637,1.3547568711958817,-0.30251443525522825,1,11.181074940400167
2.8897997774028217,1.8509820011631455,0.8578439421426192,-0.12733616742010223,1,9.942230332938005
2.383822426348202,2.700892854923366,0.972034843603512,0.7659666375125659,0,3.1785388865252746
2.187354643043485,3.0264791292865154,0.9320656841320504,0.37016008962634084,0,3.287930256608503
1.8653066532556366,3.8867376501476336,0.43542314296588414,0.7320411180185703,0,1.5659968040443029
3.0183412668157588,3.4157087061635196,0.579286774128784,1.0358347935559948,0,2.649339211246809
4.31565537680534,2.862596549964523,1.1262257720042386,0.7373650481493108,1,7.81944660728131
1.3899575877082038,3.0635747373103324,0.31377399080192037,-0.012906289321952386,1,0.9134076501752487
4.241064232013826,3.8819285743312646,0.98155050899582,1.4551390983498058,1,28.429667644359082
1.4015364090366442,2.879778555109494,0.4945455883888349,0.9154457632917513,1,12.80338395236955
2.858123948627681,2.1008647881519806,1.1532371289107917,1.4466097001531144,1,28.587614567422598
1.3791959540587104,0.7984948740900375,1.2316924722594067,1.0037821805446652,1,3.388332395718801
4.548946932208782,3.5809480127121596,0.383745770663772,-0.7568983269683094,0,0.5316659976777107
4.251663945521514,3.310394134770543,1.1021155585194826,0.18814553708933338,0,3.8853195067416215
4.57089286020928,3.1962826232504655,0.22417263262852857,0.0651333304195785,1,7.538808359980264
1.8904667386498346,2.112246775109594,1.277302320645847,1.6307328541682387,0,7.948549147239364
1.0501779705070757,3.90626304249844,0.6847731015792614,0.5853794507656284,1,2.8368664765612035
2.447241233980423,1.215665267860302,0.5114826471591292,-1.4632926101215138,0,1.043938709729475
4.082919190543633,3.0584035583519817,0.9847219628514796,-0.2573624405123711,0,4.155763861864165
4.563583796588209,2.7140089765555375,0.40859021665965767,-0.9040429678885489,1,5.405945555628792
1.933162910723211,3.2540194421556214,0.6268843580916678,-0.9558150831154638,0,1.4651359563250916
3.7926934517338147,2.643852219824621,0.6604684213581281,0.5542642110978947,1,6.840656128338346
1.25739229239489,3.022256311605464,0.3314193903179945,-1.0724367368692598,1,1.8557155033298294
1.5313218951398255,2.147544017446434,0.12621490760118745,-0.20006487256374775,1,4.290786091199424
1.7052195647241604,2.8384788516712836,1.365677266836172,-1.2144499608694244,0,1.8724343119699762
2.7375322786308702,1.8214513856662036,0.12275656569901212,1.1131163432516031,0,2.5158628788748367
1.7148853048743482,2.678342433085018,0.5556653161543966,-2.225832367653807,1,1.774337946019031
2.9230197646368623,2.3409651312830135,1.0066102529682912,0.037006839011202684,1,15.2914967861941
3.434418686413262,3.4169994477511136,0.12925625068375493,0.2223105453793176,1,0.8905542380638835
4.4116963833273335,3.890518559573154,1.327474691044871,1.1600801489501367,1,23.314499151025448
1.0001338375031081,1.0918827899954555,0.798320978348564,1.59107982316891,1,4.387821910706367
3.5527036664168445,2.084020728237288,1.0452200139865426,-0.5273923651295533,1,10.576934490525362
1.2183629878488573,1.1614326979180267,0.3249207713582528,2.4661153829400053,1,7.885075375836948
1.4334871665175486,1.893036176973574,0.13626598968669146,-0.11980925875499941,0,2.802626183651249
3.0989411676316387,2.0123769109356875,0.36789076372017837,-0.08833292312919018,1,6.150963923444276
1.821490050652824,4.449915639626124,0.23072433695201394,-0.25004825961052946,0,0.5113948252681485
2.0278960064028864,2.8302157977757956,1.0199111155236344,-0.9272811374601593,1,2.0297526399194084
1.8836119176177517,2.0432501299050836,1.1328485137732085,0.7539184287726411,1,18.361229981298944
2.951398266470442,1.3221575842393127,1.4453892781410214,-0.8543536612479808,1,12.520133072115506
1.5516076029909156,4.581304760584719,1.3934467053061605,0.04001481368150598,0,2.550803293125289
4.164711274276087,3.284656320883622,1.1560541884768887,-0.9602311982039672,1,2.1453279335057194
1.219813050866828,2.6445686657218395,0.4112775832050508,1.1248734576680224,1,8.576588533614892
3.8783111963345736,2.8251488753139946,0.28039780594528996,-0.9922454816061935,1,1.5827394927389036
1.7311090147393209,3.323782821488946,1.4502122921877039,0.5404344871530348,1,5.510138680589723
3.0331985707508147,3.5823085910222643,0.7478098379640724,-1.5232339847593137,1,0.9213452393169389
3.498686203595568,4.852817108679089,1.0836831666474764,-1.2518877412870903,1,0.750886439713358
4.587617452823939,1.7310670086009319,1.003431944420283,0.8859919493238382,1,18.396642624639387
2.206917852042493,3.8958936655693233,0.6945421311729196,0.634533032445525,1,4.841087846670051
2.026169785502415,3.7841864575534148,0.3910719806678933,-0.32182943584187346,1,1.8725731556233394
3.5268623687520066,0.7328408270416356,1.057781152961318,-1.01083989032572,1,4.99029667450951
4.986206112842027,2.2780413255497693,1.2639938364152241,1.5616457131633033,0,30.59431444349008
4.562773669077389,3.8746414458363554,1.0792289500718621,0.38361000530821837,0,3.6454754363909956
1.2857229176226097,3.3356907375657814,0.7964703210396515,-1.21545322218417,0,0.37514242423923033
2.939101501704665,2.2621240653903882,0.9592749949833264,0.7549437144490252,1,10.539353445922856
2.513319933517378,4.5137379212931705,0.7682429060426331,-0.34492599137514635,0,3.168565088627212
4.54375888418806,3.787611169347755,0.8520799889519269,0.37264479484565377,0,8.276383571699716
1.9150707097577926,2.0188685084475897,1.0341445452770424,-0.025816553006384604,1,12.532038509949308
4.996112343236245,1.6705605077828456,1.167505589188327,-0.6710311394349343,1,15.358308038094213
2.492439346111642,3.8046686237941123,1.3299228977119637,-1.0915961341760876,1,3.7403684257077545
2.991853540991765,2.8551766287796134,1.1509356546751792,1.0231448953224356,1,17.07021619647092
2.9904936324102716,3.1518259349359075,0.34545516454115444,-0.31399113227513686,1,2.455235814829573
1.0350347718317767,3.4688885718916427,0.630706583794531,0.770623947213091,1,3.448703827144454
2.501323409371768,3.935122164820492,0.658407732700576,0.46414762109190216,0,1.2303004367469623
3.911204895417798,3.7877330469479666,0.9610305663502432,0.029419405250814303,1,9.488348092737857
3.966530188277957,4.721145119117379,0.7239849906553507,-0.30054648640675297,0,1.4360145118462913
1.906376966660949,1.7886396167434577,0.8631705130030264,0.7841041577853717,1,18.46612823293031
3.1034321612423192,3.3910716164827837,1.1018220133949868,-0.5890231390653746,1,5.023984654020151
3.84712848117086,3.002779201652763,1.1993545772484662,1.6012024741286623,1,3.8637379376538967
2.912348812570352,3.1891277738979866,0.7495508429513694,1.3996919114098427,1,8.62725397155004
1.253184669509654,3.201427861285813,0.6823725673104195,0.6597094847235409,1,5.115252339289326
3.7983123380925568,3.3291973858986528,1.1311402006276283,-0.3288383092445156,1,8.431965859839412
2.1285662518664705,3.941650300996999,0.266695029997066,0.20399975759357014,1,3.591398114360833
2.686325721688615,3.0893977913498976,0.7760345975577743,-0.7762657534667643,0,0.8719272627262313
3.451993717533866,1.092242332081819,1.0000418038703065,0.26995967615214267,1,11.262015325221105
3.0425256454099525,1.8173914720443012,1.0233238830978622,-0.17481772593172096,1,10.718872910899686
3.7233838091644462,2.7904911206198273,1.0087138902306492,0.7564223319681964,1,23.102571283008995
4.9257628965208,4.519763907526147,0.12822389565298503,0.7674177011282944,0,1.40174441571672
2.2754524058014494,1.331290955723079,0.4448481540911853,0.34182677749788204,0,3.7503436228648033
1.4536714010781093,4.3318928608812115,0.538343193742826,-0.459491065980878,0,0.7791992479536128
2.0263183863647045,2.9059069036942926,0.8192081264054066,0.01756154639705288,1,4.345557161647758
3.3599672274678936,3.1628144913765035,0.9113652634326783,2.0340090344279456,1,39.13783217029609
3.0169405506228255,2.098634592641133,0.6350775578640078,-0.5045601965456061,0,5.542579355219534
4.81278860061895,4.809476179575436,0.45375097231402817,-0.2831638851870975,0,2.5648025724515287
3.0388325734471393,4.553924670993354,1.0157404035806463,-0.22756266578044632,0,2.592421901497477
1.6760881391321005,4.3009604219758995,0.49249280336269396,-1.2340389797386762,1,2.477585969928331
2.074030247732803,3.2304022631620763,0.7244432838391635,-0.556459202882244,0,0.9410373713390466
4.802109977446088,0.8237356215848015,0.6626115457625262,0.37898911812436514,1,22.984931585473337
2.770193650239064,3.2379450374277465,0.7268539767157819,-0.09630190889017107,1,6.564845771660078
3.8124037748271276,4.181147766311227,1.2120995636626184,1.347613136943321,1,17.615580399592027
3.4408797522749857,3.561636622272015,0.658423470588794,1.2502745081078492,1,16.707619233142967
2.1231553788434674,3.9425441680991336,0.7282619227554586,-0.32167832957966225,1,0.7684182444372306
3.8988703131735294,3.6265437602624218,0.99715051786127,-2.3826594019989895,0,1.0652234183308886
2.199799169587592,2.205382049987626,0.19728085941559925,0.12248344970667605,1,7.8445850657066565
4.246294525991102,3.203488298045165,0.7685022299609913,-1.6889553719786623,0,2.9509846412850544
2.6846781408528293,3.33476111212382,1.1999681885558353,0.11081505268283119,0,1.6792832910223667
1.3161893131424969,2.138466811836582,1.2121378566150862,0.9639369117187291,0,5.122540830158184
2.650665218729362,2.768906487295444,1.4837702826016972,-0.35573040469105127,1,8.706053346682118
1.7366864762130505,3.5797301652568967,0.18718090859929937,0.07017062522710832,0,2.7358451585096453
4.467608937108906,3.241076697624941,0.2811702015652308,-0.5639633606412715,1,6.947431568317569
2.826773538469031,1.9395056696237993,0.9430655236154167,-0.1661516815692599,1,5.780119527767859
1.5989864066298067,3.162371668000982,0.3463267294674937,-1.3910503342578386,1,1.4146340413899254
2.438971746786191,4.509255326117855,0.3620047846838379,-0.42134389656601845,1,2.4316010864010646
2.568779297747046,1.8994331286558985,0.7788712466115396,0.4545818446122212,1,10.794658038125979
3.5496552435414475,2.7877098167129075,1.1637880740139863,-0.8173599451283552,0,0.48887490117268784
4.911099820287844,4.38522732149175,0.9142900843244833,0.4304330653685676,1,12.031202995011201
2.527604473923997,3.045379644602551,0.25386828537424433,-0.20544023275338377,1,2.5200143131502606
3.674510958881699,3.3465957097068144,0.29411985046094424,1.127153635911793,0,4.411089738721707
4.306014635518461,3.9714202634326132,0.16075070007789846,-0.4712630117412395,0,0.541063810547378
4.767818191871046,4.195937154868943,0.950630193528172,-0.7848116692664292,1,4.352278430676205
1.448936971977441,3.469906208572038,0.7090347899681543,1.7325385946395138,1,8.822945632237863
2.9922482675673883,3.270584572724882,0.5726921407968677,-0.6641695172890129,1,1.1923120985352629
1.721917564392649,3.9928130141379317,0.5308144254765068,-1.2412946172159072,0,0.11841597292061658
1.2577111712572804,4.662988571126212,0.9697073370877783,-0.8559120770717494,1,3.0691682983075386
3.968721114730684,3.0882567305610706,0.14831341836324025,0.23107119703161458,0,1.2110340051516844
4.047956410791112,1.8412944737648473,0.35405198853577047,-0.8558383969236063,1,11.201694902478838
3.73679483842536,3.1725480781850606,0.32792651845520426,-1.4040571213576034,1,4.271530432243052
3.1209536330460144,3.2972521969456485,0.9558558277639396,1.1472966696979048,0,3.203253037930496
4.930419427408552,3.7528879458722844,0.10726379247939244,-0.11649975342838627,1,1.7793584838553749
2.244595566163769,1.1888923346129103,0.6167651605567278,-0.8144364474700857,0,3.616261818261914
2.5964215094756726,2.393050417466421,1.3673578546561345,-0.5792039496882101,1,9.283933060091837
4.0906876135997186,1.9870476541961324,1.2687974639851685,0.6867162125042235,1,22.25893938001145
2.201085973499606,0.9129419067959277,0.6568634925085921,3.0451467635562657,1,38.586042235757354
4.5650580966716365,2.5080018768508983,0.7066393096874671,-0.6112330534864643,1,1.6310025482328634
1.4971417269375489,3.452157706686741,1.2910879038569447,0.7960234030582262,1,3.3211504187307344
3.1091011418353545,2.4877531640635047,0.9703275528981481,-1.0513013422736253,1,4.268147735698379
3.9838482785008873,4.0945985158818905,0.12732625209144,1.0384517118945353,1,3.7945341875941954
2.9766043358197622,1.8460067033541356,1.2687448451138954,0.38013109546573126,0,6.924261083072574
2.1820919942556825,5.052778555409274,0.3616846512911043,0.7098232769092601,0,3.020253308990063
2.630172070260156,3.475661731636455,0.49050270028412235,0.9094801574130011,0,3.1006506894334147
2.622310467625338,2.9695165905504277,0.7177936985756262,0.23217890982664968,1,3.203977899810684
1.1209652964646324,2.121479657179145,0.24471854784751682,-1.629211406888049,1,0.5693357558136033
1.2349471367607396,2.78213084580703,1.0447232411648824,0.6599836267774016,0,5.146351888390924
3.2498337778802884,3.6808924863173695,1.325730594372889,-0.9073960910425959,0,2.8318603606891033
3.835285827926685,2.6075626742122786,0.7975913102888105,-0.7549907948745673,1,5.066073988591067
2.7540329410407396,4.713623402966597,1.3801909828992256,-1.045770999968219,1,3.024035892605716
3.0860412580271026,2.9861198976150156,0.3475183465789059,-0.6281586659123879,1,6.9766778520190895
4.821935161606079,2.9338102246261784,0.8155390174859674,-0.39598555561098153,1,8.75666861893254
2.198810684931584,4.926643570749883,1.2116763641509092,0.8177054221170802,0,2.1246427466486213
2.829377363252107,1.1295535860505026,0.481088506677367,0.2849583219833337,1,10.663195073470401
2.7905333128903154,2.856661361502696,0.7705473913996223,1.9269123812407027,1,3.2427153967859974
3.6338134225932195,2.77054940232486,0.2903563569359897,-0.09271664543865932,1,3.4894672667946476
3.8561655748568104,2.8360379012584644,0.9494980037307172,0.8417781424266005,1,7.27121215431455
2.772785154148772,4.729291839079318,0.7724013033064128,0.2380424672855344,0,1.8021195707949533
3.8816297088316705,3.5972780352359557,0.9347804000358948,-0.48774052536476586,1,4.729978548195171
4.351267136990734,2.533316467898725,0.19321671412842012,0.7944320576707179,0,3.3683628215668646
3.2380039921999493,2.857620607346415,1.493979557116991,-0.4727627694582085,1,7.121422808363061
1.9611445456822119,3.7043246299707198,0.7596817827698643,-2.7323167866440894,0,0.18864757485175354
3.5146660182129885,4.197754241411246,0.14587631281433253,-0.9999110491970727,0,1.3514881347517997
2.8308774537001145,1.668510074439752,1.12384125036993,-1.425616600540611,0,1.797683304472163
4.654029548715908,3.5816616617562342,0.832076840410679,0.4135731770458891,1,2.740088460967598
3.253736373678669,1.8890179233857065,0.10204431090455542,-0.635285512855569,0,1.5252772778222843
4.255322155065539,1.784109216524145,0.9480477186320221,-0.8078008580074875,1,11.009360814670915
3.0488874186764323,2.5408730267672723,1.3741554875837718,1.0943580861854827,1,16.37751837440812
1.7092774223974452,3.2758797634384855,0.9356794102821329,-0.6513981307145283,1,4.07404410133986
3.2600627397536623,4.068067912383233,1.2637045119902672,-0.13296578259341213,1,2.5621222895818505
3.035682459957689,4.279053807957162,0.9049378529100274,0.03311107580650907,0,1.5043801757461703
2.4537383373502046,3.2471886320231733,0.5890326075496999,0.12492961754095047,1,4.567131085912333
1.0638465685283496,3.1981009014664146,0.8028221399407943,0.5421201061090568,0,3.178822783849585
3.95537687307402,7.402141294125624,1.497384235589993,1.3881513214788561,0,3.602702421075666
4.927394085988745,2.6720495388748056,0.31709678975045547,-0.2770995490302258,0,1.7198335664526725
4.592268151082851,3.2727437924192646,1.3154098450907372,1.5299537908377372,0,4.847521154016046
3.538151347930954,2.8634575314730064,0.15549999884335475,0.3284083888951615,1,3.8096705913916034
2.773217944123218,2.9300002269454217,1.1764729876619404,1.810513602254337,0,11.089368046305013
3.2290838244242335,1.216366810467713,1.1494597906087687,0.951567855324301,1,13.33540658121325
4.4608495243579185,2.8197875820486797,0.26239940872090195,-0.7089626605733476,1,4.298922524979405
2.3359307446561477,2.6617291624180965,1.0524341030944926,1.1130543078198605,0,4.339135252553139
4.13212724739161,0.5987127595452231,0.5801034066077655,-0.26270469324247714,0,3.396114183811667
2.941475613648383,1.3719639949890647,0.9981751795117015,0.5701380196229177,1,3.895925598157075
2.751107103240999,2.232581773796607,0.593149098984984,0.4147097517898766,1,6.2374220026680485
2.214272076763115,2.5992415245341967,1.3104750273583283,0.9619435819739792,0,2.6788717973820204
3.1349112646670925,3.066094898274544,1.1247054326636543,0.37755457369899315,1,11.943082158259418
4.7456704438390265,3.1381733305539954,0.22838118734752522,-0.7255244513091436,1,4.468908924366153
2.7159333718178793,2.1134779624264177,0.5783122095230304,-0.5980723129784984,0,2.5491766490825496
1.401194819979954,3.684619153203368,0.20899201523002092,-0.14552542552426062,1,1.4134498353859006
1.4476037837910307,4.556975651322077,0.26952509154325,0.6685893566796198,1,1.2201027810933969
3.168601526372508,3.9182655099950794,1.3373631243625963,-0.09842915783124005,0,5.846856824802599
1.6269287584993624,4.302797092688021,0.9594261704558996,-0.6831680699329427,1,1.088541499301019
2.502295592705654,5.412110881646129,1.1284631479729699,-0.16012273172880864,1,2.7238421918772295
4.682326796229607,3.5378507444379586,0.4616794743017151,1.1632822341914424,0,1.254540918538758
2.7962781298002315,3.2222539761679916,0.5207195429107866,2.577630176900682,0,23.416444210682734
3.4613615568773954,3.4905137870570817,0.15208694432835196,0.10433186549422274,1,1.676879914044182
1.0242550827769055,1.5076653182099555,0.3021922650629997,1.7363501828878782,0,1.9815641097385128
4.275849015026235,2.9120101699816394,0.4724865684324455,-0.33270806347541004,1,3.006498889784869
2.123376957668407,1.5147024517110534,1.2615819594243225,1.6555607969182806,0,9.470724529373273
4.74045601402973,3.586053161658217,0.7129483335308322,-1.4032617655740645,1,7.399771419534837
1.6307908230968793,3.444959511619914,0.824485832309066,0.06640989937621791,1,5.253886751903038
4.2776684487891,5.8142174574438314,0.13272795925380054,0.43362981049615057,1,1.1728904967019123
3.9635158481193105,4.433394773839364,0.16909153094260618,-1.1875188468998679,0,0.5141999153558497
4.090210185524516,2.5774918100275253,0.20096536373676985,-0.7205159115267793,0,0.23213694827168097
2.4887749630970766,3.4408107257149307,1.4554203373576178,-1.3448437472233037,1,6.135240655850818
2.1579256177696298,4.04455826045416,0.9788495379433745,1.0528299101565206,0,6.198560610398633
3.297145068802641,3.075801524709882,1.1626604233418432,1.1206040447889623,1,10.950756346479738
1.5487934008452995,3.837083058425073,1.2168829598024922,-0.9839366263110636,0,0.30759583908563526
4.379186900989982,3.807718498544475,1.4605255013861365,1.9862792655945372,0,7.803503140074087
3.4409263466424904,3.035766563000703,1.4795390138249616,-0.47294878482499003,1,2.904246904433089
3.6962471597943733,2.0091569296337424,0.8676996453687631,-1.000992884435336,0,4.984781475635031
4.224089343613695,3.43431775897443,1.2013186769267992,0.00883670830682945,0,8.753043041881268
4.53226354654619,3.9219430850237087,0.6802163702614388,-0.3095454678590178,0,2.8476832353148365
4.066753996388209,4.554623707653461,1.4090558125171253,0.23292354041794233,1,24.892206140165484
2.3915171056296742,2.727756277511563,0.9738108973676365,0.9688919752705615,0,2.122379009062526
3.6049460750768674,2.0520048459981215,0.3453942928457282,-1.0059301466333428,1,3.384366362767246
1.9663839149844282,2.1560195398367408,1.2013504470861254,0.8204052161397211,1,7.398184658499402
2.5864377581069373,3.3535019923412137,1.3122349517191387,-1.4141196963740708,1,6.755112319773547
3.02475132190133,4.32651008843003,0.4144815881572175,-0.4345131392564138,1,2.0063967056474334
3.1795795331073005,4.307232616546342,0.38939422166056137,-0.4886240664985078,0,0.2925858323023188
2.2365705094838515,3.5148757713959835,0.16321875420121784,-1.767838955153572,1,0.8876242728676149
2.7716379649236553,2.3833867382453953,0.8872387722270978,-0.3153224189978449,1,10.163388373158082
2.518197827458846,3.1502601346893035,0.9045334758751347,0.21486780523573312,0,2.689622402367282
1.7621079734307235,1.4673038124935807,1.100211228278244,1.4150626558253108,0,9.742606404497002
1.1672010112191553,2.736113495246631,0.5158668563525679,0.23049493676906885,0,1.1324233309423677
1.7535281724946894,5.551238192511709,0.3749136814765295,1.2156146812541406,0,0.9029705945400369
3.49955126994221,1.6137337823837543,0.724203451473505,-1.2920225061796937,1,7.280632939653769
3.4667173149002752,2.7172531343764166,0.32510279412546084,0.5729524238820725,0,1.6931003611727906
2.8469292716407546,2.477010950079883,0.9389118579663468,0.6579632690744522,1,8.06970055157836
4.319216485804045,1.907770571252979,1.0099159660960624,0.41882352552312285,0,6.01820187946036
1.2086672658865658,1.927791106281589,0.5873524929649627,-0.1549518907266014,0,1.9685048698498384
1.5784194383041497,1.8542984876135382,0.20366906668210358,-0.7790711625284172,0,0.523264458010099
2.046138202208719,2.589968285796868,0.4004920830218004,1.1629553914163617,1,11.09893237255079
4.893376706739025,3.346449882334171,1.3510519334530215,0.03894467212972115,1,6.789341750992806
1.3668275777153238,3.0291612022245697,0.6822411804008002,2.2770810159501695,1,3.281464764374689
4.308552414198569,3.1238198768008134,0.5120309824025518,0.5770975441373686,0,6.391202324169506
4.593396827099678,2.1267660811225158,0.5988561742958175,0.20151355023505466,0,2.0515624933172214
4.756180740350153,3.213707885036315,1.0029022301115902,0.25993410816251555,0,14.877065979969553
3.611435216369998,1.5282024478404919,0.3932011266938512,0.2639421335676652,1,4.634891545411402
2.6585023542988298,2.836824437748474,0.8644278450775977,0.1392008455219123,1,4.731170397519671
4.875785710003729,2.284714506943263,0.5930304811924638,-1.0747777452715752,1,7.596023794446728
4.0602544513543775,2.3165375293603874,1.4449600060099204,-0.9887378414157598,0,1.8420584386896677
2.984970208071169,2.0224041424735804,0.5511859474721424,1.399574640732512,1,14.055600388002704
4.795416114663638,1.6279679049492435,1.2354293414905566,0.419623349219373,1,43.793268517971946
4.488731647484068,2.1263571764354383,0.9085749238329127,1.1874363761605125,0,9.664883966379284
2.4616986954672755,1.7854094035558468,1.0530555644637067,-0.0036795188604567585,0,2.6943350351436304
2.0034562336665656,3.680157856232035,0.8221054715883162,-0.35367165034282283,1,1.5317143976080303
1.8699409494144494,2.756857173254334,1.133190814188457,-1.2560994792710303,1,2.8942452396401563
4.051873721093514,2.885519710320499,0.17118594443779306,0.9256099554407331,1,1.5755220105811485
2.730979059274035,1.1808707443810256,1.0473963540170779,-0.5756098805364521,1,10.973000280774704
4.727861739179065,3.868720416530267,0.8249408108040639,1.2929880217883865,0,7.526366075605422
3.093106392908133,2.548837974449957,0.5314939960749343,-0.17188395959898675,0,3.921011468626606
1.6913841275747235,4.265645074218382,0.730695247101208,-0.37479493457038693,0,1.323744430164158
4.756089304006615,3.194118811880621,0.25613700558321156,-0.21135329020576987,1,6.157217407028889
2.712159217851438,3.7001083886130948,0.718658917076004,0.38230633081499077,0,8.813982846887285
3.8788794469026,3.770627652609865,0.6888973216355669,-0.22980699031758445,0,1.8931156150295732
2.241307708628357,2.706889543704871,0.5706427078287855,-0.22995700220391282,1,5.713681991195435
2.5674772816431637,2.763260857075795,1.3363312686497706,0.41985198230286774,1,3.16262290578768
3.4995894577953393,4.601894946279862,0.960917385786896,-1.3935689218628573,0,1.4052524976534577
2.272059761240376,3.100398457631365,0.2872114138798917,-0.9654690258037388,1,1.1831331592214895
3.943315321095435,4.5242575454913645,1.3732832792400054,0.8368822211874299,0,11.409538485756553
3.2824158420280365,2.997603341181929,0.6145806995109158,-0.1671379684068272,1,4.914476471688721
2.055719859028002,3.1658499416272243,1.1590955187412046,-0.4660906323967813,0,3.3239176852013994
2.629041990779696,2.676817399851701,0.9853906479813124,-1.2396566100387028,0,3.536271661527736
3.835730788164675,2.1344485966886717,1.3001824999350624,0.35659272672944853,1,25.137653157673938
2.004852277611041,1.33978733020011,0.8477687037149298,0.5053942685514407,1,12.352611984670618
1.8526940812957968,3.0879525363648335,0.5623638310607132,-0.010467997199994103,0,3.080853072415042
2.004868819597331,3.690029600789206,1.4886028356882426,-0.3331086501275737,0,1.6626229104193397
1.3071953752936833,0.9967619318348042,0.1950096810220374,-0.3565365445799655,0,3.171958801042564
4.434346904711529,3.47655836685431,0.23411650184941438,-0.8855310967757587,0,1.1389515511470951
3.441414296087972,3.3354172729718274,1.1774120220311273,-0.2791680780773746,1,7.104666511947297
1.6307404739940239,3.447874128979281,0.9941694484983565,-1.297797393645466,1,2.218448231071248
2.957566284430498,3.924128532546176,0.1477030323058632,0.4474297804415758,1,2.6203265626685006
4.710582730734229,4.918384393620195,1.1283700316174632,1.1930474805488243,0,8.928162110728135
4.9537061643872375,3.236539120544937,1.4520262332035379,-0.08800331083611254,1,48.11757788601527
3.7347448780530206,2.2611540079405987,0.8381194828049598,-1.1670733340927077,0,2.832595979465555
1.013792606522781,4.958567380755028,0.8355443649106905,-0.536458115848395,0,1.3196077398102268
3.8955434724815152,4.350005558533468,0.5584246422556204,1.1346756811140748,1,2.885136896675871
2.399951569273316,3.7099508590429013,0.7435671131139759,1.5591131404374758,0,3.6014625714102007
2.283898047449419,2.572701848351034,0.27110719021347907,-0.6237022953229325,0,1.5518948504311314
3.316075845451431,2.312062128051643,0.7799806605253774,-0.5626878096554665,1,5.236657861003466
4.287624051403839,2.0852798913493693,0.8119402030376278,-0.19502077372501306,0,1.6433964097929872
1.8023969545684349,4.3943674104266774,1.4895917554606168,0.03144458235855583,1,5.519376393600512
2.60565245435539,3.3430275768835207,1.0356952148492558,-1.3748002119609117,0,2.8022066390548437
4.005536578652013,1.8496621856614168,1.4868493951119195,-1.0774926950926038,1,20.972149481813336
3.1038499781603948,4.403388945192388,0.7598011224309652,-0.5057747411909126,1,2.2792342576187687
2.300896402513118,1.8702118515477626,1.3974939065666228,-0.28668960246277214,0,6.884684735599216
1.478746270644109,2.1546130876519816,1.234637772391933,0.5112497478131316,1,3.4710020647535913
1.6735373961693205,3.914207192996643,0.9662481681328906,-1.0858941296479114,1,0.6151840518219776
3.0050074270657636,3.710839718676753,0.4383449157806514,0.07719140654256042,0,1.7446318213188123
4.924367924885496,3.6945918062979795,0.16912437842280387,0.5221379810485743,1,2.1696279308021342
1.3984528223925659,3.374679717312852,1.3059823875714416,-0.29603620017535676,1,7.151664176786369
3.681487701730337,2.824476511801254,0.6715623176131101,-0.23888725374558897,0,4.463649767519686
3.733773387130871,2.7296393214194006,0.9436381666823607,0.4367847092402431,1,13.271907806168807
1.807905668848631,2.1050710881621084,1.0892039543593848,2.5779898272170225,1,39.49222863986302
1.1873295694263581,1.8940914137101854,1.416337988555614,1.462306847847143,1,16.0349770616999
3.100497525145262,3.4110840948461565,0.9796287752967076,0.7070036908444917,1,13.02000898036844
2.52535416481684,2.7968084619470885,1.2348570454976244,0.7842098541978547,1,3.0442639042176274
4.82219362033776,0.5832967743775739,0.5317348726737898,-0.5801796607036206,1,14.135346928973261
1.9468704970714747,2.998121216181067,0.37736925208827754,1.1063047415273233,0,3.9443138461948286
3.055918303077309,3.427351986575112,0.24790036344857957,0.5567602989677574,1,1.2116255676946501
2.490326304496298,1.6646244912949073,0.18147607580022668,0.8310695574756429,1,6.1406443369820956
3.471479116201109,2.0365720536141807,1.0502630474361956,1.5014926025910065,1,22.797206345714283
4.252242537271628,2.643938636161492,1.2657682898290923,0.013731077223362096,1,15.345335049598766
4.212644794903549,4.112975393816433,0.7329985330990211,0.18248837007813673,1,7.252361056202861
2.7371049001962295,2.4378684539166002,0.6798174333217855,-1.0494910849739552,1,3.4275792773819997
1.741231076826756,2.9184813004445624,0.5696476470999211,-0.06395447901270239,1,7.761148492726738
2.788048160679196,3.0252322496040818,1.2373829670055427,-0.6010804024527874,0,0.6734833506090757
1.240167718937378,2.5922295654940957,0.4443378105695196,-1.0452793207402051,1,0.5474550370985414
3.0315654207747857,5.2090876671663855,0.402364376732419,0.6882912752097441,1,8.16463535306979
3.0774874700882138,3.3473375050992282,0.7103079185844191,0.5696044539673417,0,2.7420233870294424
2.9906653175582076,1.622875757758036,0.16722142837501092,-1.0007477361618424,1,0.9333018279189637
2.08049890679393,4.458668768385922,0.473957496728623,-0.018261813252197983,1,2.307241425901682
2.958309528979907,2.3020802570076198,1.100726224895092,0.20340089751062604,1,14.078024590331593
1.6196715353361761,2.78480442900538,0.9494265005213711,-0.42326334807056754,1,6.62552511151247
3.251131009074081,3.5654261884371152,1.3405181246270337,0.3178762411422197,0,2.6406897433875187
2.794560839498274,3.064502940036934,0.15605521833094693,0.13318995845246304,0,2.37657509267589
3.245885794657263,4.221648534086145,1.172715083606521,-0.015619191859672964,0,5.133361418229856
4.449312818791018,2.4532852382381503,0.37536344184315473,0.37555405905986355,1,2.373498707748892
3.9297577291198853,1.796916717148436,1.4305634656470507,-1.2997550058077394,1,10.334069381102204
3.1992312530654776,2.153196467123486,0.48793040445016467,-0.2663419794949856,1,5.287656888241128
4.845604335670194,1.3820591268083575,0.8897458087154537,1.5181570902551915,0,11.623716509161028
3.108722015550988,2.3243658957528024,0.18163988471578563,-0.5306334652310741,1,4.152546848882748
1.9991224930555012,2.5070877177795605,0.7725980191868921,2.590998527443889,0,6.897879602764405
3.9397993844925674,4.0219512079521,0.8267200648936004,0.5614399550520505,0,3.6225250865068364
3.065199264145188,4.098721212415488,0.24019203665447184,-1.129707329569499,1,0.8153913967006958
2.1259206985094248,2.940178550652199,0.17052689303231125,-1.7677591529842756,1,1.8721591383013971
1.0679426876983538,3.1796262192242932,0.7950300115178376,0.016999832189930456,0,1.5547857360677344
3.3786862847252697,3.0652314565817855,0.14259668859049374,-0.3316431157966682,1,2.6331611231157566
4.154754917880342,3.9793192240293997,0.3209434837564845,-0.18245512211767095,0,1.746896556871122
2.389221921655154,1.8276479803466381,0.3904645675435767,-0.8949709224734206,1,2.88980100051062
3.430496732711116,1.8136079734954529,0.37442940833357197,-0.12904621235103386,1,16.877526580578053
4.065415924082289,3.3508591058648545,1.019982752355134,-1.7426268347587193,1,2.4999495796292823
2.6423737113801735,1.7053867780336451,1.1993963865731727,-0.3315367905033945,1,11.314231364127766
3.499460678632673,1.7382752323733546,1.0007453651112421,1.047771419919159,1,71.67269869474548
3.7682166607873158,1.979209796072333,0.7548833995132164,2.7154908269500493,1,37.47781420222989
2.7308330602631545,1.3985444960634188,1.3101922799802113,0.9842529868939114,0,15.866114758519847
1.1505206905083303,2.1876029181319474,1.0701530296626596,0.691950241978746,0,2.121199746038562
2.4262829863459605,1.505277492144962,0.11823391152549044,-0.24734605692363587,1,3.659726132851565
2.8573624254124828,2.2441124458678763,0.181345878120635,1.1741063217232852,1,3.864093807083209
4.431494117092898,4.919529492310685,0.1349709062782586,-0.500337569323094,0,2.34136281499626
4.338897343206714,2.893958434062521,0.7869571695808647,0.36956306169497405,0,1.9857760562281046
1.494752466988638,3.230821076078493,0.8448585359578117,-0.20117719961114833,0,1.3029107496244177
4.181717126107316,3.7556719410595854,0.5930041701989286,-1.5766072389907313,1,5.756850959343355
1.597417318002957,2.39433005261112,0.5751627863288862,0.10644151704736635,0,3.4968461962794053
2.2553898634155076,3.224023761310334,1.3348714457506283,-1.4630667934347599,1,2.5911950811917634
1.911138840727546,4.27941862247935,0.4805821027520649,-0.45574137936592485,1,2.092003543231548
1.8425322207718153,4.4981877626371105,0.9967744618204519,0.5039489602908455,1,7.027118540269026
3.6432327396344726,2.3707514880949843,0.4851707121549724,1.0849705577911444,1,17.826905505744445
2.0768295567491464,3.274285590125069,1.052905857598047,0.8987014067136133,0,2.4531141725673486
3.527747900074522,2.78020822306751,1.0021084115619798,-0.40233392451012945,1,12.760446282131817
3.7820892201956435,2.12988886201295,0.7357822516948883,-0.24794198567556383,0,1.9030595458993642
1.7648311336223905,3.1135467294056496,0.20978110296252436,0.09690704115538867,1,3.3663087939427765
3.0222434663477866,3.3144829323370693,0.9577234592599886,0.5100467311965428,1,12.081512123944949
2.751499713443043,4.935378211945584,1.393689276279556,-0.356986158761863,0,3.517793632698134
1.149072726974807,2.39668746911542,1.3958375500081892,-0.10817034735789473,0,0.9574204426572848
4.466525880579245,2.555609550225504,1.0381949235076557,2.2217075991401134,0,12.489747641864968
4.681860810991816,2.843647737579381,1.3151547034211817,-0.9784153974742518,1,6.029215892175496
1.9882687016160205,3.607241880444407,0.4717127853075248,1.1720035626694707,1,7.011151161987827
1.3860055026254834,2.040785624162882,1.4476689723211336,-1.665283277367894,1,4.924361213851898
4.024026179468964,2.8786588180781925,1.2741232012834114,-0.7110327932566404,0,2.1836900684143767
1.5054292396878193,2.455360040759806,1.081725741787455,1.1124584479940585,1,5.119564365151353
1.9132477680565074,2.082234007318752,0.1697950505643271,1.1401960714159605,1,6.128162200339702
4.201150658141936,4.69472640214164,0.7647545150736954,-0.8968899817859104,1,1.1201015047689622
3.256779411431316,2.962972144012608,0.4104926467358958,-1.8797858507587746,0,0.8569882279434382
3.530451117714529,3.151969534176435,0.6594813416733671,1.4555877910295034,0,3.15329926568542
4.181608955509131,2.9429395560808054,0.5846828542006577,-0.40945352513312927,1,4.203130994176499
4.048092420514388,4.993804380081853,0.817025618111069,0.7526126093593525,1,8.639210591612365
3.6506694105790487,3.072596180913654,0.6057716427394495,0.9377586264764968,1,17.905634968689917
1.6973885284088515,1.5769621108809095,1.4178530521978883,-1.2681141551569504,0,2.8843890399598116
1.2990783903745164,3.419040365269411,1.0376934544209464,1.0952430544877243,1,10.871095642648585
2.0475159404235144,4.5030414118734345,0.9194594923520758,-0.5335653520041305,0,0.8616291323993917
2.8944743350560924,2.9673286878856024,1.3893507708303643,-1.2530788120445677,1,3.106308259182959
4.884769187370191,3.695839516826423,0.2973564376887793,0.7771438428151884,0,2.39291642642265
3.4032424117320836,3.9197099273485003,1.4201128991142589,-1.2491830886877169,1,5.5435533983106
3.379737333995207,1.4018504514672065,1.1166311938053306,-1.331115691348199,1,11.834685147175385
2.7237243460225056,3.238590800796342,0.6440210007200837,-0.3004919172802909,0,1.343655985268199
4.068591332704031,2.946487848800969,0.6074429545656983,2.1666130618582558,0,9.600770714995742
3.0814887210699577,4.825850677432959,1.040275741205105,-0.3527999718472173,1,7.218912875043105
4.285879701737306,0.5723582991579361,0.8105861734001479,0.15081629923496348,1,3.2938889271492826
2.3283313642411136,5.246882500695751,1.4161422991178116,-1.0321798101916468,1,1.7222827966641994
4.5029257153934505,3.172250089419451,0.8537033685736334,2.91547080973307,1,62.16999638709132
3.338503561474623,3.03466585394319,1.0873015893283253,1.3498758645892128,1,13.523363490301051
3.602980422692694,0.09614900852401398,0.7080193199457899,0.18456832922176045,1,9.146173681747483
4.173855536438888,0.8711299198340234,1.323064893755984,0.18616622872929406,0,23.83664660280748
2.5301959149358724,1.7484653869652849,1.2637353181105877,1.5332587106455078,0,7.578898817190227
1.7319540124694015,1.9759178965053932,1.2149656001909843,-1.318526000475292,0,0.76112988657269
1.7200694574269346,4.429137819525636,0.9012035743372732,-1.1362928087401911,1,1.4198444471898937
1.9733621345666448,2.075031265468598,0.16196482043785815,0.29991968124736457,1,4.833527043450206
3.794656562002917,3.189043858582584,0.5184034501283847,-0.1427628770251922,1,16.71996433954494
3.0990668892711515,2.8812717888033164,0.5132931831489822,0.4922840654392486,1,5.063835275918337
1.1979260362623698,1.5540506924626671,0.5407029126728253,-0.30400007234597554,1,2.530005482799752
3.883655209912828,1.2038447797079077,1.2513898244025417,1.1196081755851484,0,5.369146424974707
2.988319846228315,3.3466664359507976,0.7593852857141777,-0.7188577411222766,0,1.243609524602112
4.421875923707219,3.0490742302710223,1.0809358760637269,-0.8747532698992461,1,3.410816263473731
2.979257848212828,1.8622190666978145,1.4255657024358221,-0.9706010005319867,1,9.689378627162176
2.5840964096633874,3.613720247263821,1.0228434085294795,-0.10396754534133987,0,3.0698918246493614
1.514102213542147,2.415640231746822,1.3695801005014006,1.0130224440637137,1,10.409632760464335
2.3832114851557207,3.56892713536312,1.1364496983886687,-0.8412663825413242,1,6.3730689411467765
3.5251468609479555,2.5989355712496045,1.3056318150124617,1.23468816111277,1,8.243439745820066
1.6672178314106967,3.3333235799913568,0.7375156235930808,-0.3113379907235546,0,1.835048037396778
3.9378723205409227,2.125965533499951,1.3155897351133794,1.088671178507943,1,31.397386401495577
2.44226982483391,3.912809460579345,0.7909261912190932,-0.47821237923134363,0,1.2657325435475377
2.4899121521689405,2.5114412162517556,0.21385549764307155,1.5427339202899428,0,4.521748411371203
2.0271249678766954,3.257361109103597,0.8786790160058999,0.9274493389714747,1,10.26505989284714
3.1163079101885653,2.663879883951125,1.4658485816657163,0.1500439100732375,0,12.801849878000189
4.0968137718845155,2.5871361292302164,0.9662741162468029,-0.6736160096184343,0,7.138377942175787
2.6810132875584807,4.039328366268722,0.4799649662190679,0.9686518031202156,1,4.10387141248457
3.4063036033594187,2.1421863052690653,1.1464793395981805,0.5082292359453217,1,19.703926648047993
4.487284989309087,3.1532489196698705,0.6042659397463568,-1.339925821744181,0,0.9557690139905316
1.3942092405183502,2.3742465873047256,1.1967418539030963,-0.5263294486030917,1,1.8862939829656056
4.689052857391889,3.711228556746865,0.3761043823684449,-0.8243861023002614,1,2.043452568588689
1.015991075681188,4.395887609163055,0.7651694625609273,-0.19278687089893967,0,1.0048477890865462
4.531663224348273,2.4735933155473155,0.8721964581116368,-1.879461538420659,1,4.37609534174262
4.162051270156793,4.231727444411627,0.1694029990677512,-0.5384079645365483,1,0.42516750295989114
4.846570942185741,1.8171302538191436,1.0790976960454284,-0.6489870512678309,1,5.291949224373549
4.088926898822385,1.8762240969880521,1.0877580497965111,0.15531469729135228,0,11.377813892780914
1.2704881428248984,2.9539039865914565,1.173285017648171,1.4960903252120015,0,3.6374513174102066
2.4825120260016456,3.2287743851631214,1.4835152431328433,-0.2423871629332054,1,9.51348829157435
1.089981935823093,3.40054250129097,0.5201430327265232,-1.2648656937280052,1,1.0476006676428797
2.1170301709036425,2.3213414656642817,0.16019691392994626,-0.1296612612525879,1,3.0556817324698753
3.9643361709684357,2.360701061583862,0.3176429342607521,-0.8077929754602589,0,2.2246578832660133
3.123877030816186,4.542232987271167,1.4352812764417129,-1.548099762355725,1,7.9764198931565415
3.610103588782629,3.20927260479324,0.3875942277678265,-0.1999193101360115,1,3.7255171711692903
4.869712515479444,3.1288733532061688,0.990696728141251,-2.338138484425152,1,3.685283745728301
4.508813311501428,1.6783282242267865,0.9928370323985752,-1.0376333754607745,1,15.494768036162442
1.6400926038031693,1.1093704314460164,0.8901296401145723,0.8284499921131732,1,2.5323959549247337
2.3344492157424934,1.1072613157380973,1.0968709587592658,0.2784139067369027,1,21.492031334967535
3.2124998228773842,1.898762872567317,1.3722787385261586,-0.2897996998110968,0,3.919249233440535
4.591773515399141,2.3563376780099246,1.071947295240927,-0.29324390589400406,1,25.902331087816414
4.360501962394416,2.6083681499870934,1.307099357811087,0.10836785704920984,1,22.718154192514632
1.4082041137822618,2.587481429782685,0.47113100563723564,-0.22103715460563525,0,1.163365579950775
2.0814862413264588,3.16742098690117,0.9873462147589099,0.19700352890652775,1,12.60707265277745
2.741678067669483,4.658637085883457,1.0251169553344344,-1.5803883874557185,1,1.6653537781111596
3.406067518963227,3.044856125887981,0.9297500631366167,-0.7616208863252398,0,6.254609421916464
3.525187792019737,1.285122924272045,0.48402735302204325,-1.1431810420513369,1,3.735281225438162
4.856693551004099,4.691067972578236,0.5211257521317522,1.6680741593291692,0,4.882530759889605
4.169036677208825,2.7235247650800356,0.5663462771455474,1.2810281003672428,0,4.267715988861345
1.7451726442624107,5.459912952147128,1.3893509769787131,0.6582818577363283,1,2.356399896535228
3.4036558863256814,3.463134021033346,0.6970301657513083,-0.5084488919742287,1,2.498481149955692
4.282059594431879,2.6090370473833127,0.5780828987364459,-0.08440609117421645,1,2.439327571292913
4.008659370602638,2.134046561473781,0.7738368615427116,-0.5915991935112981,1,12.264745391475271
4.439474769718268,2.8087953726024484,0.20656690138755418,-0.12391927189467823,0,3.020759502181494
1.989910041719809,4.979828391342254,1.2816653265628974,-1.068398368820166,1,0.9719352963366656
4.440480385721676,2.1713414307194454,0.10421337022614781,0.050383190262275154,1,4.146940518574301
3.707335500598221,3.1034520461757267,1.426354006333891,-1.17997608503659,1,6.766325495884997
2.166337229117101,3.0280260279926874,0.7528475026861866,-1.1689878526215085,1,1.1511990104965018
3.4079926685115134,3.795715714994854,0.3034868237743478,-1.8201619087051415,0,0.4894094403335265
4.67730241633153,5.130445016022444,1.131475210584666,-1.6608686209388501,1,7.58484153304959
4.704070897295253,3.055003771386255,1.1290519815380449,-0.1538581520787237,1,6.953463534034074
1.9093172263891498,1.7699582964166727,1.1924535693538592,0.6362088972408131,1,16.751355888320848
2.394223343811956,1.8060362764956253,0.9599665914141728,-0.3378393054132206,0,1.3163389085419692
2.0077053266392775,2.286670084442513,0.8700898958894532,-0.5986000321477611,1,5.398006925375884
3.744909930390078,4.094106609915329,0.935537530409353,0.020777821435422415,1,9.9884122165762
2.552438166155179,0.9732457036499307,0.1363999354970442,0.49046542815444005,0,5.448098579024461
1.400400602992287,3.0214594558115224,1.0937116574093788,0.5743314047953794,1,8.41075482026294
2.1899776617518505,1.4859031046802122,1.083798896842772,0.5631337853797475,0,1.4873866520716417
1.7657991500443013,2.1382669644910237,0.8330525936385078,-0.4879966031936442,0,1.0554325904257442
2.608785613517558,3.5137669299546177,0.5591674951345852,0.024229631438758434,1,1.0604120585792907
3.7283649273572808,4.382885375720356,0.6827502987312345,0.7799755011471617,0,2.8013824024084206
1.6425227880314757,2.6543104137375133,1.3412711263689039,0.537741740529937,1,3.17533390962356
4.33410331275739,2.318054656498626,1.4505488866671308,-1.0345705657319109,0,2.837549492613828
1.7662881039697176,2.4026256812119193,1.0821030533384155,-0.5740338480055646,1,9.727844639934018
4.67917542855431,2.849377446010892,1.1576432470804694,0.7474948513242501,0,14.844846709401553
3.3452690319801843,3.266667146765284,0.6501613468080344,-0.7353830284234685,1,4.310185094744275
3.397707254054829,1.5368733053914498,0.7942930815656981,-0.5086030561915882,0,3.725357776659846
2.230174697664876,3.375617236842616,0.45035543169876013,0.3359350404026158,0,0.6851380990782162
3.882458648467754,4.776299978665971,0.8874588683444142,0.7566183447693368,0,2.4307758370663493
1.6400836180647942,2.0353662373349137,0.6999038525587058,-0.7701986920583292,0,1.489812580289251
1.8128269837612834,1.7770102880420457,0.3763556459488172,1.527659248911022,1,15.946685824650062
3.3438415524960545,3.39988797726673,0.8423225762025043,-1.5136333928126786,1,3.46268139947951
2.256712400423903,3.006458761207457,1.1781765934057031,-0.880855067154273,1,4.12617853105206
4.679008259635609,1.6608358604828153,0.8489658320404833,1.7759877423691004,1,51.33901240018391
3.36367256442924,3.241462801579722,1.1606362543921622,-0.22925712483018085,0,6.229165894490884
1.7938271278850308,2.3950180611023986,0.5187320500156979,0.7644881238296993,1,2.5174494546435993
4.297629690820785,3.734800339543223,0.5182328102309877,0.3606751165289355,1,5.452851376063906
2.6175562273458,2.6926826513509527,1.0194986985582193,0.1774302994551933,1,7.431346226505504
1.886104382424299,3.435517195355709,1.2287685556515617,1.8959089339714696,1,2.8586910626303217
1.54150457756589,3.2217895765979967,0.347938789204148,1.7750852298845279,1,4.5716807411204545
2.9162445391125744,3.901336405227059,1.2504315112945592,-0.5131089042701695,1,6.810304649299935
3.499384274082902,3.8760381113807645,1.455316041406804,0.2565131339507759,1,10.983636846594719
2.7195003847630153,0.9719113774648735,0.37512719387026516,-0.8510227088349082,0,1.3036746619565083
3.054858207188451,3.2870823905445516,0.1884079706757902,1.8453769018889927,0,1.7841080779897764
4.147335769329013,4.001961016186154,1.352957315073972,-0.25778449416895133,0,3.436681084803949
3.144826888249118,5.469029783096588,0.6119432608408426,-0.9715865502137654,1,0.8088525548992834
3.3406744686735914,2.932209635207749,0.2915907078961568,0.4334227581862602,1,3.134102927639936
1.8895950952753755,4.550863577459267,1.0403005864068484,1.465757104509901,1,1.462340087116237
1.443405201784024,0.4543305479363111,0.7645492787035991,-0.2983306247647173,0,6.572157227746121
1.5422572487910244,4.031311577581421,0.7197201065986917,-1.7599134145116566,0,0.22977976348254714
1.1225122476966103,1.690786273395215,0.8464505990419862,0.9117198136682392,1,7.540910578715287
1.7195744880258412,3.9333657071606867,1.4265664392675135,-0.3338275356799501,1,1.43361691754782
4.531267828454449,2.7722232810814393,0.23350922851233322,-1.0982877241942623,1,1.569750868711924
2.8953360476865586,3.9135406085823154,1.2197980098829526,-0.6031697165733332,1,4.5108793876098865
3.7846932056170344,2.9433192574689295,0.7763941031618719,-0.529946200908699,1,13.505517672526127
4.740717937189631,2.44238650910417,0.2689277856844593,-1.8335203893715835,1,0.7973178274547775
4.1555575780930045,5.72897099559685,0.29425607553104993,-0.14490886418349433,1,1.364984558398015
1.469058158305804,2.5416246586720033,1.1609853144144962,-0.3414976242080478,0,4.142138913964988
3.0930460576999135,0.822924206125534,0.9802175221472506,-0.16067476847226037,1,13.452555518489383
3.542522839319236,2.671644063971155,0.7796262599834192,1.906538386219468,1,22.314374800405485
4.709684334535007,2.686382991202921,0.6937679319156639,1.5572717566978131,0,8.576313215260402
4.603683569985259,1.9904931709748304,1.0680807293469077,0.5310032078007688,1,87.7502507834618
1.727717902406956,1.6375811547452759,1.218157061099867,1.1126187100542808,1,14.989953107668
2.3463045325879004,3.1764345558536613,1.0358059208184673,-1.068880252433013,1,3.595760081483502
3.379743843587157,2.333618853532241,1.0923541975306048,-0.7693722291974999,0,1.1201134855762784
1.4754207842735547,3.777807113518513,0.5978598949850709,0.4109282532595228,0,0.7805979994869193
1.3562553180836008,1.9877326971754552,1.2729493974040194,0.74543487909385,0,7.5142603117063524
2.534736017825528,4.311516883141691,0.7993800976744013,-0.0934885859741763,1,3.9299310635312987
1.669809589402674,2.5306680095053395,0.43783368620246077,-1.2891851900475362,1,1.6066377864033161
1.1955321801911047,4.076718191970843,0.2104759004973984,-1.0619197430857772,0,0.913128903966139
1.9712566886082157,3.850539926116672,0.6032930939235164,1.0630252713404995,0,1.7937859261566567
2.6830417498072454,3.3036333165603624,0.21730537892281582,0.314667512791573,0,1.1756813086684978
2.799692304145973,2.6271621996716528,0.8734598902274189,-0.37802677821762365,1,5.044559036881345
3.666718805071123,1.5003959341359954,0.15050653063116518,-0.4684290560797934,1,4.896445974003598
2.234679749137369,2.523470160342316,1.1495361311796262,-0.6563213656273129,0,1.80124414218516
3.9846073179049455,3.0208498799128196,0.5261360635724497,1.0741064797022268,0,4.648400241475612
3.023753956045058,3.131019121538064,1.2420659540789978,0.8927981693492053,1,19.561540181166585
3.583714797002366,3.206579194167135,0.4984121638754533,-1.9695317067027829,0,0.48219214865285775
2.0580106786735186,2.3436001737247825,1.1445404114053932,-0.04522987776748934,1,15.850570976500224
1.649639788350226,1.5029728915398008,0.251204496452168,0.4154816731355101,1,4.446303973811172
4.681058893617791,2.0638930658319863,1.3836756562090258,-0.7849744577629209,0,7.571537015600388
1.1772918731759798,3.4935426549476016,0.16749771755129256,-1.3642620608415401,0,0.7905573704712053
3.600570931045245,3.6623293160245507,1.3926640619582649,0.22465650470601092,1,20.52917496736226
2.654435386108483,2.8350836373277932,1.4693025830846462,0.7524098181987983,0,4.045988276783224
1.983832510793794,4.584551441775605,0.8684487041707484,-0.39454718775324155,1,3.9840463412135083
1.0135228058698438,2.9707784126733516,0.4631918144685251,0.338380175305841,0,1.4372040043007324
2.6025082728960696,4.7827943753086055,0.46894387648874725,0.45789111157318824,1,2.451145823906447
1.8308864497577835,3.9802171313039554,1.1773766223865618,-0.45763221221790834,0,0.771174778648808
4.710495445504199,3.7186311953149453,0.6855945670821945,0.12159823251472264,1,5.871593757164527
4.591282535167338,2.677313357301638,1.3826615045000523,-1.064523292890921,0,7.239530645259707
3.871817310687155,2.296756420448208,1.2396399732187997,0.6694104381903466,0,10.629494136337554
4.911562762494132,3.016647598753579,0.3885444975958523,0.8461671031776571,1,6.716687775906951
3.635164553137575,3.0501732276776115,0.8992717195700924,-0.8436025269955121,1,2.5098177065862606
2.4463907437310946,1.1871140490193506,1.0581383604228252,0.81463719890024,0,26.359095462337194
3.8693511241512533,2.574494197894751,1.3175476502342005,-1.2713909861452326,1,8.694650650296674
4.178961738874762,1.599487067578894,1.3000014240642435,0.9696445450030355,1,57.69974290188518
4.0924501057000775,2.2181784468596017,0.6954587550775088,-0.1327171991969175,1,6.21882948099022
1.4030610450327887,2.3745409901698356,0.5644284611223368,-0.011137116955129906,1,0.623259232553228
3.454317564829925,3.3598607102790514,0.20567315643370052,-0.7088684115083695,1,3.1409253062547
3.8986726069150412,2.551907181206248,1.136348127187324,0.2178587264628543,0,1.7789484272107743
4.654597125914318,3.9294260860025774,0.9535369982118491,-0.46130598946614,0,5.896041812603664
4.738059703868299,3.3082882305987016,1.4321695399321483,-0.5835209833870921,1,8.221339873318882
4.95262556222408,4.6239116756428995,0.8101534149826745,0.9341449108837432,0,2.948562472590682
1.9935795864537211,1.6129430452935223,1.1609167550459678,1.7149726232293738,1,19.214615336311642
2.383437444265896,3.8430148867689944,0.6453316796013052,1.2535839774242115,1,6.66463212269696
1.8922147765556336,1.2798180340957672,1.1702398196098442,-0.26355463630023274,0,2.536519417487186
4.8617889635649165,2.6624256278764404,1.249506632341458,1.6386846890948037,0,30.859565029439793
1.787566026643049,2.2153106172462556,0.5818580730476468,-0.6691086687243494,0,2.6605134680412816
4.420781091280488,3.8767739339627285,0.5982166574389188,-3.5256160274342174,1,2.354455957706589
2.6073229588607063,3.643170871954454,0.5985130715510726,-1.2307025147337118,0,1.545141050660686
4.5052470450505995,1.4317253339774043,0.6784002693304648,1.395502714255989,1,35.99092384727694
2.1503359651031193,0.9291686128808068,0.1420083801787302,0.018136790789475027,1,2.275729003014839
1.8560028454722657,2.4889553579585186,0.545752326762971,-1.8208204577338347,1,1.6034361178783985
2.3720236085680253,2.6644512961286066,0.6911783726594466,0.7294058046470802,1,4.8742657646718595
3.943678418146594,2.545560557162281,0.6106737917729573,2.0776724695558157,1,27.3851028750746
2.7739286222668276,2.2062013610263427,0.7959249779574541,1.4744091917301694,0,9.076264367242254
2.2876747006302924,5.770081978347039,0.4432207008179908,-1.3001157099206158,0,0.11704538453220382
4.905339224491396,3.207380623926739,0.8261676397799478,-0.20506301412249528,0,2.0338197307397814
2.768157049668719,2.995945986404976,1.268779042777438,1.1468923787616307,1,9.28561096945461
1.7338087759061653,4.7692659927975924,0.14014674028669774,-0.8465571758027243,0,0.6927575787202843
3.909653762213292,3.555404115245042,0.7643612938389538,0.45329446099011694,0,0.8179136383281987
4.355934789006894,3.868547273621589,0.8344983325475707,0.7277385591406933,1,22.496583203234067
3.116039332572518,3.337370532780248,1.1382632016060166,-1.3545416650476334,1,1.178658791363902
1.8043140641624187,2.4129375325470264,1.4384131056483151,1.4413619362871988,0,4.102276906103134
4.663460496587619,0.33232418309309786,0.7092283743665353,-0.7414477682483702,1,13.577219485793693
1.8536703019867415,4.672321559014449,0.18801044183530694,0.8980828487327486,1,1.3897853598024514
3.4697180635878295,3.926945671283229,1.2517403495304047,-0.42087639676293276,0,5.925264267666722
2.8261841626623263,3.0004432451145386,0.20418783717004146,1.248269231244091,1,7.09143345559667
2.477681246598922,4.847418988185874,0.40340201674648446,0.8640685506678202,1,2.5315747437766127
3.8132922024461857,3.531052454230283,0.906905154250589,1.5991281129905293,0,9.2905668607603
2.2978038130379472,3.6884311457359065,1.146995531055048,0.21349128273551018,1,7.29172767936376
1.3560538875049524,3.7154199692404495,0.725983930608385,1.251585657969779,0,3.834488234632568
1.4163754119431,5.360843158182467,1.238216518843442,-1.5220864447690594,1,1.086986153983372
4.27305019632909,2.51445733263327,0.7276042693658306,-0.45631216475423714,0,2.623001950031138
1.4297283279118265,3.5427967250319234,0.7831687005441947,-1.9712162763941263,0,0.14144540377890197
1.5166948310350237,3.978674786014299,0.7073671847053709,-0.39337602043728265,1,4.834843498447649
4.927784971676024,2.6570160787980455,1.045250823480632,2.7148009684364665,1,20.74617074623311
2.591107449946505,4.072816064512569,0.10658357883219272,-0.4281572898720469,1,1.7789536274481719
4.619936474291144,4.901324952133115,0.8779684105573033,0.7647145961193045,0,0.8611254602877938
2.7602332336821953,1.8436738897026472,0.132589824450085,0.5770176419482091,1,5.54075593727384
2.3495037928115727,2.571504758106241,0.6745614994499884,1.7219692467053505,1,11.376894261672277
4.3107843890465265,4.582403703271202,1.1259441527436096,-0.7475658815383293,0,1.1608219941251412
1.5646863325591922,1.863783931393482,0.9091867932176214,-0.7349448451810354,0,1.717834797948823
2.5111268716550836,1.6815696529939728,0.6530856159526134,0.5413228784972891,1,2.512923269587269
4.101125337368313,3.1106602971243644,1.3184629628594309,0.11346104336507241,1,18.27200756790417
3.93527859092954,3.1891855874575747,0.48353798021502437,-0.31384943282607297,1,2.207103729768363
4.903601170011395,4.0240451961106505,0.5796660563650712,-0.5713203679050282,1,3.2769831902614763
1.5076820367156545,4.037174079450325,0.9284792122533023,-0.04809550370845181,1,6.2634288118984855
1.9345639512208157,3.4228986370298022,0.20022552889218423,-0.5961383723767861,1,2.363331737257714
3.226192270627251,1.3510041544270808,0.37087396307456266,-1.2637466501852177,0,3.2306746183872006
4.269717481792937,2.1969085960457715,0.9092390388290263,0.4615549001149609,1,16.501608251682025
1.377890712430454,2.201194117284196,0.12601784047196965,0.0447396407855204,1,2.0674264436711867
2.6529363315293053,4.233491750190797,0.29188774130081496,1.1530857516411697,1,3.620494273684447
4.867220064195465,2.0433088344944244,1.2721823684320352,2.152877554194295,0,36.588728853951395
1.6253618808837231,4.092949032831688,0.428502457871769,-0.5652019167526583,1,5.019791286927202
4.315349037220735,3.211079624202039,1.0741368198205683,1.8318533344392376,1,15.051524132457597
2.367508904521568,3.026254065236757,1.2253343869554878,0.6535188451564377,0,5.021961705576767
3.470443521199323,1.8041323610224762,0.7188252355085976,0.808450149980218,1,5.3499908479098295
4.382581701360339,3.8261891144814477,0.6371642365353044,1.2093786549845584,0,3.491730227849551
2.505918683723075,4.503138627251863,0.1072680037041882,-0.21002091906954948,1,1.7142032966818288
3.187507023528516,0.9200690142573031,1.2531835243905642,-1.2454814415490147,1,12.0372479256062
2.881553972245417,2.3100022533450897,0.9412203879664977,-1.3374961627862052,1,2.437199076641176
4.7701111924834,3.7546964234893725,0.22344155820562528,0.39603587338376434,0,2.1113399241895903
2.3748580247675277,4.674495596202891,0.18350113035199395,-0.6465532011781622,1,0.9081686241566022
1.5903056817282821,4.101881382532229,1.1772588973707587,-2.2026008236513612,1,0.9312356665516485
3.275587790498324,1.9536960451426644,0.8890126510348352,0.22238762584133845,0,6.391802037151238
4.5169166756321655,3.4516243414653087,1.0659974937058614,-0.16870198077396137,0,10.9445889481117
4.294251737936245,3.4439988740612217,0.3127490637802984,0.118191788210857,0,2.3268761896776446
3.3037973156153453,2.73039426382252,0.9534633483025652,1.0096100814246725,0,8.722962167526553
1.7464098241723796,3.997726207151141,1.4447777858985096,-0.09518106563939148,0,0.8285653577147432
1.717728901949791,4.407000201229302,0.4726506720175844,-0.36691859616245415,0,1.1044861979191152
2.9555038159161144,3.472730607294576,0.8371073694106158,-0.46031260484503,1,3.3904952405454503
2.9850714562984355,3.441319522677926,1.052842489505815,0.400682134188066,1,7.274704368796816
3.0877461700190416,4.348176681853604,0.860571874271917,-0.6618004724340094,0,0.7786486417767268
4.05344484858227,4.501612752372845,1.1436081927006605,0.5594457945555427,1,12.741991853074028
4.6099394037877675,1.2578689840172868,0.1179786165382611,0.9644545813680795,0,5.387983435225029
4.076882076643255,3.9546368036413004,0.6064499893081509,0.026779892617635786,0,3.5916302332995595
4.734215606246043,3.409116262410543,0.29563645363781116,-2.490787357043061,1,1.1113975165722716
3.114904322245725,1.7179279578514057,0.31695356366970806,0.6415515206402516,1,6.0848193871225265
3.1317213032349263,3.5664248464864716,1.2364634366690093,-0.16117735779585787,0,5.026325001260188
4.806685257385252,3.650924426236421,0.5203834285929863,0.4715732432347471,0,1.9557974469767645
4.691808688720037,1.227071251648586,1.0934401773045275,0.6859289035079177,0,11.89904770545916
4.79200616369746,3.757477713787957,1.1582347702509244,2.333631727683671,1,82.83591364920922
1.1994411094985282,3.3294640875310844,1.2018378670041718,-0.01945251006252866,1,2.26712103873001
3.844158063787849,3.1016107469190968,0.5346498885449834,-0.007420345476641405,0,2.9476879106020446
1.3839358305779421,2.6321930072441337,1.4285054794426493,-1.5142890666513544,1,1.4211917897388204
4.500645736353155,4.199204072968943,0.6676779220045839,-0.685480541463516,1,6.563032831939237
1.697502760395686,2.691589334731137,0.6248777848261388,0.8890476264974392,0,2.8317599407604166
1.7072667866483595,3.4506034582719303,0.609557833410314,1.4965210901319181,1,5.862062806637115
2.3942414464251733,2.938069805136018,0.7431963814464096,0.030297664612609354,1,2.8344894935687055
1.4038258315345966,3.7363558781670587,1.15728408324444,1.4230934317699795,1,4.950299501179965
4.764117283155061,2.3150784560963835,0.45941090302314735,0.8822429723022542,0,3.6479458303135828
1.9325655719343446,3.740333422725242,1.3556258531724563,-1.8006519140009585,1,1.4627547548528868
3.1833352227837706,4.1722564487480405,0.15285365433744316,0.6023304583852097,0,2.1326306027012945
3.9423148605945917,2.971231271596641,1.1692802691183009,0.00746120545530235,1,7.024314665237321
4.499488055332325,1.8480363081805695,1.0538942224147763,-0.4996400809966787,0,3.6589261593887867
2.401471470378152,3.281121115845967,1.1927854777220288,0.46490775218483305,0,0.5635601845625074
4.195924324661583,4.017909191627097,0.44377163298682554,-0.3705701226226963,1,2.73380245708931
4.661172610933447,2.932451632683603,1.114608450669511,-1.2999013017908774,1,10.23880516954603
3.310941646327003,1.502525481277524,0.44162401347252067,-1.7226405009827475,0,1.3699486172590887
4.80187016811729,4.612830492370711,0.5764474317423383,0.08225269272938282,0,6.235712008893138
3.66558489223719,2.685846268662946,0.11301343643166531,-0.28439933040636295,0,2.422732378452308
3.0782880410199165,3.2606225750274653,1.3639996636528018,-0.07264383409418788,0,3.4562499139436977
3.030681430884859,3.163623490392744,0.4504424323147207,2.526809213478027,1,3.43760136307572
3.385560790804217,2.3185437087731593,0.7886230626704217,-1.8352977021742571,1,2.82509183850059
4.756193512990633,4.227060549740031,1.1000456244147756,0.12087120480607179,1,8.205607900047708
2.7286805429479926,3.628182328914126,0.23767408247465663,0.8547884901751667,1,2.180600052554264
3.5907797831108565,2.618760915260529,0.3566577991796137,-0.5958165439063088,1,2.57396939040706
1.5133084580718426,3.81741924551342,1.4617568964777592,-0.4763631651429022,0,1.3375209567243522
3.3992620395251603,2.0086939712733374,0.4899861020065859,0.21002933271741256,0,2.3643973992617893
3.3576193971134454,4.392703923591285,1.1202787978897293,-1.6842652537623437,1,3.082006225409379
1.0330464346331918,2.4349214091872855,0.8687756661131767,0.7417055670224817,1,1.7838341080582272
4.243622048551635,3.655117731485468,1.0498912742280087,0.7086288187866984,0,6.324182163204104
4.303120358206588,1.3294654134466135,0.543827374311175,0.46387845711275577,0,6.519628087277754
2.6228492461104738,2.39759310938303,1.054352342577208,-0.18651099351777992,0,1.8036807664268626
1.4447341196330026,3.761850057356159,0.1347209364837056,0.3450978049530235,1,1.2873138782384153
4.235976363778372,3.500293826158746,1.3017943317641212,0.2378546885297072,0,6.550307529019468
2.8913909607618153,4.528923370569985,1.3878194885739774,0.6908960060977385,1,11.282479837295938
2.2318349120956964,3.925430138202821,0.8216112386638167,-0.058357799361008274,1,2.4415958464879663
1.369622025615561,1.5633868578744732,0.3240104435786365,0.2033258791530973,1,3.3172081002935774
3.905484427663728,2.745914882253777,0.7165385032150319,-0.027269104140497716,0,2.0928719144326857
4.1044836556329685,2.129029479948392,0.8316061050605335,-0.336624522934508,1,11.428851293783387
2.9768210652734255,2.9493416782440764,0.7973293266708519,-1.3616669333529576,1,5.2726843950477775
2.667057256150336,3.1654922536597345,0.2386324546238054,-0.641181576772993,0,1.161950033383059
3.6718570493124263,1.7737021739429988,1.4790084766575582,1.2937338171098924,0,42.36244335621392
1.957194022777204,2.9212992956405253,1.483281593278944,-0.4172383332377433,1,3.323425226339176
2.0834392489885203,3.2762464527285053,0.9239313477608677,1.0947290621217582,1,13.372234769825297
1.5005302168874564,2.945204168368205,0.5081532532706219,-0.14701031634403489,0,0.22487690406058525
2.527967990000781,3.112368041919207,0.5392414982591727,0.7798659985764627,0,3.2643890876040014
2.8365389704781006,1.8458612990977776,0.26550142236357704,-1.068930211995357,1,6.052300408220648
2.8936884966624103,2.825359290533991,0.7874133262623231,-0.43570995358736847,1,5.151794783147984
3.7262804846297164,3.461965607895825,1.235590376185198,0.862377487091164,1,14.063428659917594
1.8501251154026361,2.9038580173954123,0.6553673293997742,-0.5727582631978859,0,2.3632471398622115
3.3372170224079527,3.3002401595972226,1.4355027420958288,-0.2807735861532926,1,11.185356091968416
3.159359473162548,5.0619902188970585,1.143747808988106,-0.1466196023742985,0,2.2298013117947946
1.6910196157072521,4.171484499410716,0.8992096936125125,0.3826268896304382,1,4.145824199237451
4.490307026452474,3.2127237876247956,0.20924139520365798,-1.1874260023753793,1,0.8970345815363445
1.8575276905185834,1.5091632398617338,0.8454771875212107,-2.096599173196971,0,0.7667995618877698
3.4184154189199463,2.3489178027243756,0.8787596780188861,0.48862091305932326,1,2.397722880623334
4.297586931157232,1.8609301092900394,0.8480014437097301,1.838778988114988,0,26.90300363257335
3.6861292480966257,2.5609436946089903,0.7084456551199932,-0.3111277348620317,0,3.0157939909901095
1.0960484591571915,3.111708239655509,0.4155207587979117,0.07857763650691009,1,2.162705810147789
3.6016399386604867,2.375088995641503,1.4851055975701253,0.007904367354032757,0,6.486546082695305
3.3193640750861957,3.3994606608147055,0.30577258239817307,-1.348957439879166,1,5.758697897636409
4.689874888927292,3.9451051849932743,0.5795745435315065,-2.0622485487047184,0,0.38231393079013093
4.486407308206627,3.486923002431525,1.3142349650164926,-0.8617214404263052,0,3.79866438974773
2.108507608469891,2.5861585491346277,1.3794712099681368,0.331995072847428,1,6.929391737420178
2.9121015280129776,3.8683651983289025,1.1382820010911057,1.1772772995889484,0,1.2570937130048354
4.515075636327282,2.4426761015943326,0.11096081012820024,-0.8962081241530314,0,1.952281323160037
1.2769527038069035,3.4199779366094063,0.4438846869159597,-0.7330014947347717,1,1.092966581679933
2.5232548921042173,1.9576978082952938,0.8330721207779893,0.6300036248303056,0,7.708766291352245
4.393771935150642,3.429933111385921,1.2563402058147095,1.6751049899236745,1,26.548593729689667
1.8127491734718095,2.9307172639797145,1.18619848255404,-1.9117747135560448,1,0.42719574182122916
2.8868234716929457,3.817163284980318,1.2022285775048873,-1.5426251511709996,0,2.7285861235572635
1.7904210496959814,2.9880113432324054,0.8169060240572623,0.6587494112796084,1,3.437665708247529
3.2764741818556864,3.5011571534571266,0.48340003803995024,0.7993665724083274,1,4.615427892406581
1.3196557406564815,1.5963777667265389,0.872172466783748,-0.5240269310746225,1,6.4111285354835985
3.1756366942846905,3.395819078552205,0.8088049065959113,-1.2757595397262433,1,1.9941929869563497
3.9263352577020223,3.759277805999492,0.3664883560453367,-0.0398377459660518,0,1.7971470823722728
2.656594668441297,2.292927303359297,0.16709087475450535,0.0781699695147468,0,0.7594269657899683
4.580085055201581,3.8061923664318256,1.4086208252844727,1.5059900772396413,0,17.047336261025766
3.3163771706624523,4.250404758086033,1.3041849444477773,2.613971711140837,1,59.95068731487942
2.0231081982874524,4.713223002989063,1.412324088234094,0.40018706787391495,1,4.9549447291136355
3.6452613219502035,4.070404052832689,1.3679666513432744,0.04759239566190055,0,4.0173031606910286
2.135154059849126,2.1016988164706256,0.34765168564293564,-1.6697463105073653,0,0.6133217578064002
